--Option below is mandatory when run from SQL Developer or SQLPlus Command Line
--Disables the parsing of commands to replace substitution variables with their values
set define off;

--To ensure decimal numbers are inserted correctly when in other regions of the world
alter session set nls_numeric_characters='. ';

--Script below is generated by Navicat, but should be importable in any Oracle client

/*

Changelog:
-Due to a bug in the exporter I had to add a / after each 'create or replace trigger'
-added cascade constraints to drop table so you can easily rerun this script
-set the decimal number seperator to . to ensure decimal numbers are inserted correctly

Navicat Oracle Data Transfer
Oracle Client Version : 12.1.0.1.0

Source Server         : Dominos@Oracle localhost
Source Server Version : 110200
Source Host           : localhost:1521
Source Schema         : DOMINOS

Target Server Type    : ORACLE
Target Server Version : 110200
File Encoding         : 65001

Date: 2014-08-03 23:24:27
*/


-- ----------------------------
-- Table structure for "DOMINOS"."BESTELLING"
-- ----------------------------
DROP TABLE "DOMINOS"."BESTELLING" cascade constraints;
CREATE TABLE "DOMINOS"."BESTELLING" (
"ID" NUMBER(10) NOT NULL ,
"WINKEL_ID" NUMBER(10) NULL ,
"POSTCODE" NVARCHAR2(6) NULL ,
"HUISNR" NUMBER(10) NULL ,
"TOEVOEGING" NVARCHAR2(255) NULL ,
"BESTELDATUM" DATE NOT NULL ,
"BEZORGDATUM" DATE NULL ,
"OPHAALDATUM" DATE NULL ,
"COUPONKORTING" NUMBER(19,2) NULL ,
"TOTAALPRIJS" NUMBER(19,2) NULL ,
"BEZORGINSTRUCTIES" NVARCHAR2(255) NULL ,
"NAAM" NVARCHAR2(255) NULL ,
"TELEFOON" NVARCHAR2(255) NULL ,
"EMAIL" NVARCHAR2(255) NULL ,
"IPADRES" NVARCHAR2(255) NULL ,
"BETAALMETE50" NUMBER(1) DEFAULT (0)  NOT NULL 
)
LOGGING
NOCOMPRESS
NOCACHE

;

-- ----------------------------
-- Records of BESTELLING
-- ----------------------------
INSERT INTO "DOMINOS"."BESTELLING" VALUES ('1', '1', null, null, null, TO_DATE('2014-06-30 00:00:00', 'YYYY-MM-DD HH24:MI:SS'), null, TO_DATE('2014-06-30 00:00:00', 'YYYY-MM-DD HH24:MI:SS'), '3', '78.55', null, null, null, null, '127.0.0.1', '0');
INSERT INTO "DOMINOS"."BESTELLING" VALUES ('2', '1', '5612MA', '1', null, TO_DATE('2014-06-30 00:00:00', 'YYYY-MM-DD HH24:MI:SS'), TO_DATE('2014-06-30 00:00:00', 'YYYY-MM-DD HH24:MI:SS'), null, null, '38.85', null, 'Jan Janssen', '0123456789', 'JanJanssen@mail.nl', '127.0.0.1', '0');
INSERT INTO "DOMINOS"."BESTELLING" VALUES ('3', '1', '5612MA', '1', null, TO_DATE('2014-06-30 00:00:00', 'YYYY-MM-DD HH24:MI:SS'), TO_DATE('2014-06-30 00:00:00', 'YYYY-MM-DD HH24:MI:SS'), null, null, '31', null, 'Jan Janssen', '0123456789', 'JanJanssen@mail.nl', '127.0.0.1', '0');
INSERT INTO "DOMINOS"."BESTELLING" VALUES ('4', '1', null, null, null, TO_DATE('2014-06-30 00:00:00', 'YYYY-MM-DD HH24:MI:SS'), null, TO_DATE('2014-06-30 00:00:00', 'YYYY-MM-DD HH24:MI:SS'), null, '26', null, null, null, null, '127.0.0.1', '0');
INSERT INTO "DOMINOS"."BESTELLING" VALUES ('5', '1', null, null, null, TO_DATE('2014-06-30 00:00:00', 'YYYY-MM-DD HH24:MI:SS'), null, TO_DATE('2014-06-30 00:00:00', 'YYYY-MM-DD HH24:MI:SS'), null, '22.20', null, null, null, null, null, '0');
INSERT INTO "DOMINOS"."BESTELLING" VALUES ('6', '1', null, null, null, TO_DATE('2014-06-30 00:00:00', 'YYYY-MM-DD HH24:MI:SS'), null, TO_DATE('2014-06-30 00:00:00', 'YYYY-MM-DD HH24:MI:SS'), null, '24.95', null, null, null, null, null, '0');
INSERT INTO "DOMINOS"."BESTELLING" VALUES ('7', '1', null, null, null, TO_DATE('2014-06-30 00:00:00', 'YYYY-MM-DD HH24:MI:SS'), null, TO_DATE('2014-06-30 00:00:00', 'YYYY-MM-DD HH24:MI:SS'), null, '22.89', null, null, null, null, null, '0');

-- ----------------------------
-- Table structure for "DOMINOS"."BESTELLING_COUPON"
-- ----------------------------
DROP TABLE "DOMINOS"."BESTELLING_COUPON" cascade constraints;
CREATE TABLE "DOMINOS"."BESTELLING_COUPON" (
"ID" NUMBER(10) NOT NULL ,
"BESTELLING_ID" NUMBER(10) NOT NULL ,
"COUPON_ID" NUMBER(10) NOT NULL 
)
LOGGING
NOCOMPRESS
NOCACHE

;

-- ----------------------------
-- Records of BESTELLING_COUPON
-- ----------------------------
INSERT INTO "DOMINOS"."BESTELLING_COUPON" VALUES ('1', '1', '12');
INSERT INTO "DOMINOS"."BESTELLING_COUPON" VALUES ('2', '3', '11');
INSERT INTO "DOMINOS"."BESTELLING_COUPON" VALUES ('3', '4', '18');
INSERT INTO "DOMINOS"."BESTELLING_COUPON" VALUES ('4', '6', '25');
INSERT INTO "DOMINOS"."BESTELLING_COUPON" VALUES ('5', '6', '26');
INSERT INTO "DOMINOS"."BESTELLING_COUPON" VALUES ('6', '7', '35');
INSERT INTO "DOMINOS"."BESTELLING_COUPON" VALUES ('7', '7', '34');

-- ----------------------------
-- Table structure for "DOMINOS"."BR"
-- ----------------------------
DROP TABLE "DOMINOS"."BR" cascade constraints;
CREATE TABLE "DOMINOS"."BR" (
"ID" NUMBER(10) NOT NULL ,
"BESTELLING_ID" NUMBER(10) NOT NULL ,
"PIZZABODEM_ID" NUMBER(10) NULL ,
"PRODUCT_ID" NUMBER(10) NOT NULL ,
"PIZZASAUS_ID" NUMBER(10) NULL ,
"COUPONGEBRUIKT" NUMBER(1) DEFAULT (0)  NOT NULL ,
"PRODUCTPRIJS" NUMBER(19,2) NOT NULL ,
"PRODUCTPRIJSCOUPON" NUMBER(19,2) NULL ,
"BEZORGTOESLAG" NUMBER(19,2) NULL ,
"BEZORGTOESLAGCOUPON" NUMBER(19,2) NULL ,
"PIZZABODEMTOESLAG" NUMBER(19,2) NULL ,
"PIZZABODEMTOESLAGCOUPON" NUMBER(19,2) NULL ,
"EXTRAINGREDTOESLAG" NUMBER(19,2) NULL ,
"EXTRAINGREDTOESLAGCOUPON" NUMBER(19,2) NULL ,
"EXTRAPRODOPTIEPRIJS" NUMBER(19,2) NULL ,
"EXTRAPRODOPTIEPRIJSCOUPON" NUMBER(19,2) NULL ,
"AANTAL" NUMBER(10) DEFAULT (1)  NOT NULL ,
"BESTELREGELPRIJS" NUMBER(19,2) NOT NULL 
)
LOGGING
NOCOMPRESS
NOCACHE

;

-- ----------------------------
-- Records of BR
-- ----------------------------
INSERT INTO "DOMINOS"."BR" VALUES ('2', '1', '2', '1', '3', '0', '8.95', null, null, null, '0', null, null, null, null, null, '1', '8.95');
INSERT INTO "DOMINOS"."BR" VALUES ('3', '1', '2', '1', '3', '0', '8.95', null, null, null, '0', null, null, null, null, null, '1', '8.95');
INSERT INTO "DOMINOS"."BR" VALUES ('4', '1', '2', '1', '3', '0', '8.95', null, null, null, '0', null, null, null, null, null, '1', '8.95');
INSERT INTO "DOMINOS"."BR" VALUES ('5', '1', '2', '1', '3', '0', '8.95', null, null, null, '0', null, '1', null, null, null, '1', '9.95');
INSERT INTO "DOMINOS"."BR" VALUES ('6', '1', '2', '1', null, '0', '8.95', null, null, null, '0', null, null, null, null, null, '2', '17.90');
INSERT INTO "DOMINOS"."BR" VALUES ('7', '1', '2', '1', '1', '0', '8.95', null, null, null, '0', null, null, null, null, null, '3', '26.85');
INSERT INTO "DOMINOS"."BR" VALUES ('8', '2', '5', '5', '3', '0', '7.95', null, '2', null, '1', null, null, null, null, null, '1', '10.95');
INSERT INTO "DOMINOS"."BR" VALUES ('9', '2', '5', '5', '1', '0', '7.95', null, '2', null, '1', null, '3', null, null, null, '2', '27.90');
INSERT INTO "DOMINOS"."BR" VALUES ('10', '3', '5', '5', '3', '1', '7.95', '8.33', '2', '0', '1', '0', null, null, null, null, '1', '8.33');
INSERT INTO "DOMINOS"."BR" VALUES ('11', '3', '5', '5', '1', '1', '7.95', '8.33', '2', '0', '1', '0', '3', '3', null, null, '2', '22.66');
INSERT INTO "DOMINOS"."BR" VALUES ('12', '4', '1', '5', '2', '1', '7.95', '6.47', null, null, '2', '2', '3', '3', null, null, '1', '11.47');
INSERT INTO "DOMINOS"."BR" VALUES ('13', '4', '2', '5', '3', '1', '7.95', '6.47', null, null, '0', '0', null, null, null, null, '2', '12.94');
INSERT INTO "DOMINOS"."BR" VALUES ('14', '4', null, '46', null, '1', '1.95', '1.59', null, null, null, null, null, null, null, null, '1', '1.59');
INSERT INTO "DOMINOS"."BR" VALUES ('15', '5', null, '31', null, '0', '3.95', null, null, null, null, null, null, null, null, null, '1', '3.95');
INSERT INTO "DOMINOS"."BR" VALUES ('16', '5', null, '31', null, '0', '3.95', null, null, null, null, null, null, null, null, null, '1', '3.95');
INSERT INTO "DOMINOS"."BR" VALUES ('17', '5', null, '49', null, '0', '5.95', null, null, null, null, null, null, null, null, null, '1', '5.95');
INSERT INTO "DOMINOS"."BR" VALUES ('18', '5', null, '50', null, '0', '1.95', null, null, null, null, null, null, null, '0.50', null, '1', '2.45');
INSERT INTO "DOMINOS"."BR" VALUES ('19', '5', null, '44', null, '0', '2.95', null, null, null, null, null, null, null, null, null, '1', '2.95');
INSERT INTO "DOMINOS"."BR" VALUES ('20', '5', null, '44', null, '0', '2.95', null, null, null, null, null, null, null, null, null, '1', '2.95');
INSERT INTO "DOMINOS"."BR" VALUES ('21', '6', '5', '5', '3', '1', '7.95', '8.50', null, null, '1', '0', null, null, null, null, '2', '17');
INSERT INTO "DOMINOS"."BR" VALUES ('22', '6', '5', '5', '3', '1', '7.95', '7.95', null, null, '1', '0', null, null, null, null, '1', '7.95');
INSERT INTO "DOMINOS"."BR" VALUES ('23', '7', '2', '5', '3', '1', '7.95', '6.95', null, null, '0', '0', null, null, null, null, '1', '6.95');
INSERT INTO "DOMINOS"."BR" VALUES ('24', '7', '4', '5', '2', '1', '7.95', '7.95', null, null, '5', '5', '2', '2', null, null, '1', '14.95');
INSERT INTO "DOMINOS"."BR" VALUES ('25', '7', null, '40', null, '1', '1.95', '0.99', null, null, null, null, null, null, null, null, '1', '0.99');

-- ----------------------------
-- Table structure for "DOMINOS"."BR_INGREDIENT"
-- ----------------------------
DROP TABLE "DOMINOS"."BR_INGREDIENT" cascade constraints;
CREATE TABLE "DOMINOS"."BR_INGREDIENT" (
"ID" NUMBER(10) NOT NULL ,
"BESTELREGEL_ID" NUMBER(10) NOT NULL ,
"INGREDIENT_ID" NUMBER(10) NOT NULL ,
"AANTAL" NUMBER(10) DEFAULT (1)  NULL 
)
LOGGING
NOCOMPRESS
NOCACHE

;

-- ----------------------------
-- Records of BR_INGREDIENT
-- ----------------------------
INSERT INTO "DOMINOS"."BR_INGREDIENT" VALUES ('1', '2', '2', '1');
INSERT INTO "DOMINOS"."BR_INGREDIENT" VALUES ('2', '2', '5', '1');
INSERT INTO "DOMINOS"."BR_INGREDIENT" VALUES ('3', '2', '14', '1');
INSERT INTO "DOMINOS"."BR_INGREDIENT" VALUES ('4', '2', '19', '1');
INSERT INTO "DOMINOS"."BR_INGREDIENT" VALUES ('5', '2', '23', '1');
INSERT INTO "DOMINOS"."BR_INGREDIENT" VALUES ('6', '2', '26', '1');
INSERT INTO "DOMINOS"."BR_INGREDIENT" VALUES ('7', '2', '27', '1');
INSERT INTO "DOMINOS"."BR_INGREDIENT" VALUES ('8', '3', '2', '1');
INSERT INTO "DOMINOS"."BR_INGREDIENT" VALUES ('9', '3', '5', '0');
INSERT INTO "DOMINOS"."BR_INGREDIENT" VALUES ('10', '3', '14', '0');
INSERT INTO "DOMINOS"."BR_INGREDIENT" VALUES ('11', '3', '19', '0');
INSERT INTO "DOMINOS"."BR_INGREDIENT" VALUES ('12', '3', '23', '0');
INSERT INTO "DOMINOS"."BR_INGREDIENT" VALUES ('13', '3', '26', '0');
INSERT INTO "DOMINOS"."BR_INGREDIENT" VALUES ('14', '3', '27', '0');
INSERT INTO "DOMINOS"."BR_INGREDIENT" VALUES ('15', '4', '2', '1');
INSERT INTO "DOMINOS"."BR_INGREDIENT" VALUES ('16', '4', '5', '1');
INSERT INTO "DOMINOS"."BR_INGREDIENT" VALUES ('17', '4', '14', '1');
INSERT INTO "DOMINOS"."BR_INGREDIENT" VALUES ('18', '4', '19', '1');
INSERT INTO "DOMINOS"."BR_INGREDIENT" VALUES ('19', '4', '23', '1');
INSERT INTO "DOMINOS"."BR_INGREDIENT" VALUES ('20', '4', '26', '0');
INSERT INTO "DOMINOS"."BR_INGREDIENT" VALUES ('21', '4', '27', '0');
INSERT INTO "DOMINOS"."BR_INGREDIENT" VALUES ('22', '4', '3', '1');
INSERT INTO "DOMINOS"."BR_INGREDIENT" VALUES ('23', '4', '1', '1');
INSERT INTO "DOMINOS"."BR_INGREDIENT" VALUES ('24', '5', '2', '2');
INSERT INTO "DOMINOS"."BR_INGREDIENT" VALUES ('25', '5', '5', '1');
INSERT INTO "DOMINOS"."BR_INGREDIENT" VALUES ('26', '5', '19', '1');
INSERT INTO "DOMINOS"."BR_INGREDIENT" VALUES ('27', '5', '23', '1');
INSERT INTO "DOMINOS"."BR_INGREDIENT" VALUES ('28', '5', '26', '0');
INSERT INTO "DOMINOS"."BR_INGREDIENT" VALUES ('29', '5', '27', '0');
INSERT INTO "DOMINOS"."BR_INGREDIENT" VALUES ('30', '5', '1', '1');
INSERT INTO "DOMINOS"."BR_INGREDIENT" VALUES ('31', '5', '3', '1');
INSERT INTO "DOMINOS"."BR_INGREDIENT" VALUES ('32', '6', '2', '1');
INSERT INTO "DOMINOS"."BR_INGREDIENT" VALUES ('33', '6', '5', '1');
INSERT INTO "DOMINOS"."BR_INGREDIENT" VALUES ('34', '6', '14', '1');
INSERT INTO "DOMINOS"."BR_INGREDIENT" VALUES ('35', '6', '19', '1');
INSERT INTO "DOMINOS"."BR_INGREDIENT" VALUES ('36', '6', '23', '1');
INSERT INTO "DOMINOS"."BR_INGREDIENT" VALUES ('37', '6', '26', '1');
INSERT INTO "DOMINOS"."BR_INGREDIENT" VALUES ('38', '6', '27', '1');
INSERT INTO "DOMINOS"."BR_INGREDIENT" VALUES ('39', '7', '2', '1');
INSERT INTO "DOMINOS"."BR_INGREDIENT" VALUES ('40', '7', '5', '1');
INSERT INTO "DOMINOS"."BR_INGREDIENT" VALUES ('41', '7', '14', '1');
INSERT INTO "DOMINOS"."BR_INGREDIENT" VALUES ('42', '7', '19', '1');
INSERT INTO "DOMINOS"."BR_INGREDIENT" VALUES ('43', '7', '23', '1');
INSERT INTO "DOMINOS"."BR_INGREDIENT" VALUES ('44', '7', '26', '1');
INSERT INTO "DOMINOS"."BR_INGREDIENT" VALUES ('45', '7', '27', '1');
INSERT INTO "DOMINOS"."BR_INGREDIENT" VALUES ('46', '8', '6', '1');
INSERT INTO "DOMINOS"."BR_INGREDIENT" VALUES ('47', '8', '14', '1');
INSERT INTO "DOMINOS"."BR_INGREDIENT" VALUES ('48', '9', '6', '1');
INSERT INTO "DOMINOS"."BR_INGREDIENT" VALUES ('49', '9', '14', '1');
INSERT INTO "DOMINOS"."BR_INGREDIENT" VALUES ('50', '9', '1', '1');
INSERT INTO "DOMINOS"."BR_INGREDIENT" VALUES ('51', '9', '2', '1');
INSERT INTO "DOMINOS"."BR_INGREDIENT" VALUES ('52', '9', '3', '1');
INSERT INTO "DOMINOS"."BR_INGREDIENT" VALUES ('53', '10', '6', '1');
INSERT INTO "DOMINOS"."BR_INGREDIENT" VALUES ('54', '10', '14', '1');
INSERT INTO "DOMINOS"."BR_INGREDIENT" VALUES ('55', '11', '6', '1');
INSERT INTO "DOMINOS"."BR_INGREDIENT" VALUES ('56', '11', '14', '1');
INSERT INTO "DOMINOS"."BR_INGREDIENT" VALUES ('57', '11', '1', '1');
INSERT INTO "DOMINOS"."BR_INGREDIENT" VALUES ('58', '11', '2', '1');
INSERT INTO "DOMINOS"."BR_INGREDIENT" VALUES ('59', '11', '3', '1');
INSERT INTO "DOMINOS"."BR_INGREDIENT" VALUES ('60', '12', '6', '2');
INSERT INTO "DOMINOS"."BR_INGREDIENT" VALUES ('61', '12', '14', '0');
INSERT INTO "DOMINOS"."BR_INGREDIENT" VALUES ('62', '12', '7', '1');
INSERT INTO "DOMINOS"."BR_INGREDIENT" VALUES ('63', '12', '8', '1');
INSERT INTO "DOMINOS"."BR_INGREDIENT" VALUES ('64', '12', '9', '1');
INSERT INTO "DOMINOS"."BR_INGREDIENT" VALUES ('65', '13', '6', '1');
INSERT INTO "DOMINOS"."BR_INGREDIENT" VALUES ('66', '13', '14', '1');
INSERT INTO "DOMINOS"."BR_INGREDIENT" VALUES ('67', '21', '6', '1');
INSERT INTO "DOMINOS"."BR_INGREDIENT" VALUES ('68', '21', '14', '1');
INSERT INTO "DOMINOS"."BR_INGREDIENT" VALUES ('69', '22', '6', '1');
INSERT INTO "DOMINOS"."BR_INGREDIENT" VALUES ('70', '22', '14', '1');
INSERT INTO "DOMINOS"."BR_INGREDIENT" VALUES ('71', '23', '6', '1');
INSERT INTO "DOMINOS"."BR_INGREDIENT" VALUES ('72', '23', '14', '1');
INSERT INTO "DOMINOS"."BR_INGREDIENT" VALUES ('73', '24', '6', '1');
INSERT INTO "DOMINOS"."BR_INGREDIENT" VALUES ('74', '24', '14', '0');
INSERT INTO "DOMINOS"."BR_INGREDIENT" VALUES ('75', '24', '1', '1');
INSERT INTO "DOMINOS"."BR_INGREDIENT" VALUES ('76', '24', '2', '1');

-- ----------------------------
-- Table structure for "DOMINOS"."BR_PRODUCT_OPTIE"
-- ----------------------------
DROP TABLE "DOMINOS"."BR_PRODUCT_OPTIE" cascade constraints;
CREATE TABLE "DOMINOS"."BR_PRODUCT_OPTIE" (
"ID" NUMBER(10) NOT NULL ,
"BR_ID" NUMBER(10) NOT NULL ,
"PRODUCT_ID_OPTIE" NUMBER(10) NOT NULL ,
"PRIJS" NUMBER(19,2) DEFAULT (0)  NOT NULL ,
"AANTAL" NUMBER(10) DEFAULT (0)  NOT NULL 
)
LOGGING
NOCOMPRESS
NOCACHE

;

-- ----------------------------
-- Records of BR_PRODUCT_OPTIE
-- ----------------------------
INSERT INTO "DOMINOS"."BR_PRODUCT_OPTIE" VALUES ('1', '15', '35', '0', '0');
INSERT INTO "DOMINOS"."BR_PRODUCT_OPTIE" VALUES ('2', '15', '36', '0', '0');
INSERT INTO "DOMINOS"."BR_PRODUCT_OPTIE" VALUES ('3', '16', '36', '0', '1');
INSERT INTO "DOMINOS"."BR_PRODUCT_OPTIE" VALUES ('4', '16', '35', '0', '0');
INSERT INTO "DOMINOS"."BR_PRODUCT_OPTIE" VALUES ('5', '18', '48', '0.50', '1');
INSERT INTO "DOMINOS"."BR_PRODUCT_OPTIE" VALUES ('6', '19', '48', '0', '1');
INSERT INTO "DOMINOS"."BR_PRODUCT_OPTIE" VALUES ('7', '20', '48', '0', '0');

-- ----------------------------
-- Table structure for "DOMINOS"."CAT"
-- ----------------------------
DROP TABLE "DOMINOS"."CAT" cascade constraints;
CREATE TABLE "DOMINOS"."CAT" (
"ID" NUMBER(10) NOT NULL ,
"NAAM" NVARCHAR2(255) NOT NULL ,
"OMSCHRIJVING" NVARCHAR2(255) NULL 
)
LOGGING
NOCOMPRESS
NOCACHE

;

-- ----------------------------
-- Records of CAT
-- ----------------------------
INSERT INTO "DOMINOS"."CAT" VALUES ('1', 'Pizza''s', null);
INSERT INTO "DOMINOS"."CAT" VALUES ('2', 'Specials & Pasta''s', 'Maak je menu compleet met onze specials.');
INSERT INTO "DOMINOS"."CAT" VALUES ('3', 'Drinks & Desserts', 'Maak je menu compleet met onze heerlijke desserts of drankjes');

-- ----------------------------
-- Table structure for "DOMINOS"."CONFIG"
-- ----------------------------
DROP TABLE "DOMINOS"."CONFIG" cascade constraints;
CREATE TABLE "DOMINOS"."CONFIG" (
"MINIMUMBESTELLINGBEDRAG" NUMBER(19,2) NOT NULL ,
"TOESLAGEXTRATOPOFSAUS" NUMBER(19,2) NOT NULL ,
"TOESLAGEXTRATOPOFSAUSXXLPIZZA" NUMBER(19,2) NOT NULL ,
"MAXAANTALGRATISWIJZIGINGEN" NUMBER(10) NOT NULL 
)
LOGGING
NOCOMPRESS
NOCACHE

;

-- ----------------------------
-- Records of CONFIG
-- ----------------------------
INSERT INTO "DOMINOS"."CONFIG" VALUES ('10', '1', '2', '2');

-- ----------------------------
-- Table structure for "DOMINOS"."COUPON"
-- ----------------------------
DROP TABLE "DOMINOS"."COUPON" cascade constraints;
CREATE TABLE "DOMINOS"."COUPON" (
"ID" NUMBER(10) NOT NULL ,
"BEZORGEN" NUMBER(1) DEFAULT (1)  NOT NULL ,
"AFHALEN" NUMBER(1) DEFAULT (1)  NOT NULL ,
"ONLINE" NUMBER(1) DEFAULT (1)  NOT NULL ,
"BEGINDATUM" DATE NULL ,
"VERLOOPDATUM" DATE NULL ,
"COUPONCODE" NVARCHAR2(255) NOT NULL ,
"BEDRAG" NUMBER(19,2) NULL ,
"KORTINGEURO" NUMBER(19,2) NULL ,
"KORTINGPERCENTAGE" FLOAT(126) NULL ,
"MINIMUMBEDRAG" NUMBER(19,2) NULL ,
"PLAATJEURL" NVARCHAR2(255) NULL ,
"GELDIG" NUMBER(1) DEFAULT (1)  NOT NULL 
)
LOGGING
NOCOMPRESS
NOCACHE

;

-- ----------------------------
-- Records of COUPON
-- ----------------------------
INSERT INTO "DOMINOS"."COUPON" VALUES ('2', '1', '0', '1', null, TO_DATE('2014-07-24 00:00:00', 'YYYY-MM-DD HH24:MI:SS'), '22464', '8.99', null, null, null, null, '1');
INSERT INTO "DOMINOS"."COUPON" VALUES ('3', '1', '0', '1', null, TO_DATE('2014-07-13 00:00:00', 'YYYY-MM-DD HH24:MI:SS'), '15699', '26', null, null, null, null, '1');
INSERT INTO "DOMINOS"."COUPON" VALUES ('4', '1', '0', '1', null, TO_DATE('2014-07-13 00:00:00', 'YYYY-MM-DD HH24:MI:SS'), '19331', '23', null, null, null, null, '1');
INSERT INTO "DOMINOS"."COUPON" VALUES ('5', '1', '0', '1', null, TO_DATE('2014-07-13 00:00:00', 'YYYY-MM-DD HH24:MI:SS'), '16748', null, '3', null, '30', null, '1');
INSERT INTO "DOMINOS"."COUPON" VALUES ('6', '1', '0', '1', null, TO_DATE('2014-07-13 00:00:00', 'YYYY-MM-DD HH24:MI:SS'), '11755', '27', null, null, null, null, '1');
INSERT INTO "DOMINOS"."COUPON" VALUES ('7', '0', '1', '1', null, TO_DATE('2014-07-13 00:00:00', 'YYYY-MM-DD HH24:MI:SS'), '27413', '14', null, null, null, null, '1');
INSERT INTO "DOMINOS"."COUPON" VALUES ('8', '0', '1', '1', null, TO_DATE('2014-07-13 00:00:00', 'YYYY-MM-DD HH24:MI:SS'), '37058', '30', null, null, null, null, '1');
INSERT INTO "DOMINOS"."COUPON" VALUES ('9', '0', '1', '1', null, TO_DATE('2014-07-13 00:00:00', 'YYYY-MM-DD HH24:MI:SS'), '04117', '22', null, null, null, null, '1');
INSERT INTO "DOMINOS"."COUPON" VALUES ('10', '0', '1', '1', null, TO_DATE('2014-07-13 00:00:00', 'YYYY-MM-DD HH24:MI:SS'), '89656', '6.99', null, null, null, null, '1');
INSERT INTO "DOMINOS"."COUPON" VALUES ('11', '1', '0', '1', null, TO_DATE('2014-07-14 00:00:00', 'YYYY-MM-DD HH24:MI:SS'), '58030', '25', null, null, null, null, '1');
INSERT INTO "DOMINOS"."COUPON" VALUES ('12', '1', '0', '1', null, TO_DATE('2014-07-14 00:00:00', 'YYYY-MM-DD HH24:MI:SS'), '43528', null, '3', null, '30', null, '1');
INSERT INTO "DOMINOS"."COUPON" VALUES ('13', '1', '0', '1', null, TO_DATE('2014-07-14 00:00:00', 'YYYY-MM-DD HH24:MI:SS'), '48774', '22', null, null, null, null, '1');
INSERT INTO "DOMINOS"."COUPON" VALUES ('14', '1', '0', '1', null, TO_DATE('2014-07-14 00:00:00', 'YYYY-MM-DD HH24:MI:SS'), '10586', '26', null, null, null, null, '1');
INSERT INTO "DOMINOS"."COUPON" VALUES ('15', '0', '1', '1', null, TO_DATE('2014-07-14 00:00:00', 'YYYY-MM-DD HH24:MI:SS'), '66389', '16', null, null, null, null, '1');
INSERT INTO "DOMINOS"."COUPON" VALUES ('16', '0', '1', '1', null, TO_DATE('2014-07-14 00:00:00', 'YYYY-MM-DD HH24:MI:SS'), '51734', '29', null, null, null, null, '1');
INSERT INTO "DOMINOS"."COUPON" VALUES ('17', '0', '1', '1', null, TO_DATE('2014-07-14 00:00:00', 'YYYY-MM-DD HH24:MI:SS'), '25879', '13', null, null, null, null, '1');
INSERT INTO "DOMINOS"."COUPON" VALUES ('18', '0', '1', '1', null, TO_DATE('2014-07-14 00:00:00', 'YYYY-MM-DD HH24:MI:SS'), '51964', '21', null, null, null, null, '1');
INSERT INTO "DOMINOS"."COUPON" VALUES ('20', '0', '1', '1', null, TO_DATE('2099-12-31 00:00:00', 'YYYY-MM-DD HH24:MI:SS'), '17998', null, null, null, null, null, '1');
INSERT INTO "DOMINOS"."COUPON" VALUES ('21', '1', '1', '1', null, TO_DATE('2099-12-31 00:00:00', 'YYYY-MM-DD HH24:MI:SS'), '59223', null, null, null, null, null, '1');
INSERT INTO "DOMINOS"."COUPON" VALUES ('22', '1', '1', '1', null, TO_DATE('2099-12-31 00:00:00', 'YYYY-MM-DD HH24:MI:SS'), '40728', null, null, null, null, null, '1');
INSERT INTO "DOMINOS"."COUPON" VALUES ('23', '1', '1', '1', null, TO_DATE('2099-12-31 00:00:00', 'YYYY-MM-DD HH24:MI:SS'), '51555', null, null, null, null, null, '1');
INSERT INTO "DOMINOS"."COUPON" VALUES ('24', '1', '1', '1', null, TO_DATE('2099-12-31 00:00:00', 'YYYY-MM-DD HH24:MI:SS'), '77719', null, null, null, null, null, '1');
INSERT INTO "DOMINOS"."COUPON" VALUES ('25', '1', '1', '1', null, TO_DATE('2099-12-31 00:00:00', 'YYYY-MM-DD HH24:MI:SS'), '22550', '17', null, null, null, null, '1');
INSERT INTO "DOMINOS"."COUPON" VALUES ('26', '1', '1', '1', null, TO_DATE('2099-12-31 00:00:00', 'YYYY-MM-DD HH24:MI:SS'), '78235', null, null, null, null, null, '1');
INSERT INTO "DOMINOS"."COUPON" VALUES ('27', '1', '1', '1', null, TO_DATE('2099-12-31 00:00:00', 'YYYY-MM-DD HH24:MI:SS'), '76677', null, null, null, null, null, '1');
INSERT INTO "DOMINOS"."COUPON" VALUES ('28', '1', '1', '1', null, TO_DATE('2099-12-31 00:00:00', 'YYYY-MM-DD HH24:MI:SS'), '01451', null, null, null, null, null, '1');
INSERT INTO "DOMINOS"."COUPON" VALUES ('29', '1', '1', '1', null, TO_DATE('2099-12-31 00:00:00', 'YYYY-MM-DD HH24:MI:SS'), '26461', null, null, null, null, null, '1');
INSERT INTO "DOMINOS"."COUPON" VALUES ('34', '1', '1', '1', null, TO_DATE('2099-12-31 00:00:00', 'YYYY-MM-DD HH24:MI:SS'), '37151', null, null, null, null, null, '1');
INSERT INTO "DOMINOS"."COUPON" VALUES ('35', '1', '1', '1', null, TO_DATE('2099-12-31 00:00:00', 'YYYY-MM-DD HH24:MI:SS'), '02444', null, null, null, null, null, '1');

-- ----------------------------
-- Table structure for "DOMINOS"."COUPONVOORWAARDEN"
-- ----------------------------
DROP TABLE "DOMINOS"."COUPONVOORWAARDEN" cascade constraints;
CREATE TABLE "DOMINOS"."COUPONVOORWAARDEN" (
"COUPON_ID" NUMBER(10) NOT NULL ,
"AANTAL" NUMBER(10) NULL ,
"PRODUCTQUERY" NCLOB NOT NULL ,
"NIEUWAANTAL" NUMBER(10) NULL ,
"NIEUWEPRIJS" NUMBER(19,2) NULL ,
"KORTINGEURO" NUMBER(19,2) NULL ,
"KORTINGPERCENTAGE" FLOAT(126) NULL 
)
LOGGING
NOCOMPRESS
NOCACHE

;

-- ----------------------------
-- Records of COUPONVOORWAARDEN
-- ----------------------------
INSERT INTO "DOMINOS"."COUPONVOORWAARDEN" VALUES ('2', '1', 'SELECT *
FROM PRODUCT AS P, BESTELREGEL AS BR, PIZZABODEM AS PB
WHERE BR.pizzaBodem_id=PB.ID And P.ID=BR.product_id And PB.diameter=25 And BR.bestelling_id=[:bestelling_id];', null, null, null, null);
INSERT INTO "DOMINOS"."COUPONVOORWAARDEN" VALUES ('2', '1', 'SELECT *
FROM PRODUCT AS P, BESTELREGEL AS BR, SUBCAT AS S
WHERE P.ID=BR.product_id And P.subcat_id=S.ID
And S.naam="Drinks" And BR.bestelling_id=[:bestelling_id];', null, null, null, null);
INSERT INTO "DOMINOS"."COUPONVOORWAARDEN" VALUES ('3', '3', 'SELECT *
FROM PRODUCT AS P, BESTELREGEL AS BR, PIZZABODEM AS PB
WHERE BR.pizzaBodem_id=PB.ID And P.ID=BR.product_id And PB.naam="Italian Pizza" And BR.bestelling_id=[:bestelling_id];', null, null, null, null);
INSERT INTO "DOMINOS"."COUPONVOORWAARDEN" VALUES ('4', '3', 'SELECT *
FROM PRODUCT AS P, BESTELREGEL AS BR, PIZZABODEM AS PB
WHERE BR.pizzaBodem_id=PB.ID And P.ID=BR.product_id And PB.diameter=25 And BR.bestelling_id=[:bestelling_id];', null, null, null, null);
INSERT INTO "DOMINOS"."COUPONVOORWAARDEN" VALUES ('6', '3', 'SELECT *
FROM PRODUCT AS P, BESTELREGEL AS BR, PIZZABODEM AS PB
WHERE BR.pizzaBodem_id=PB.ID And P.ID=BR.product_id And PB.diameter=25 And BR.bestelling_id=[:bestelling_id];', null, null, null, null);
INSERT INTO "DOMINOS"."COUPONVOORWAARDEN" VALUES ('6', '1', 'SELECT *
FROM (((BESTELREGEL AS BR INNER JOIN PRODUCT AS P ON BR.product_id=P.id) INNER JOIN SUBCAT AS SC ON P.subcat_id=SC.id) INNER JOIN CAT AS C ON SC.cat_id=C.id) LEFT JOIN PRODUCTGROEP AS PG ON PG.id=P.productgroep_id
WHERE SC.naam<>"Drinks" and C.naam<>"Pizza''s" and (PG.naam<>"Sausjes" or PG.naam is NULL) And BR.bestelling_id=[:bestelling_id];', null, null, null, null);
INSERT INTO "DOMINOS"."COUPONVOORWAARDEN" VALUES ('7', '2', 'SELECT *
FROM PRODUCT AS P, BESTELREGEL AS BR, PIZZABODEM AS PB
WHERE BR.pizzaBodem_id=PB.ID And P.ID=BR.product_id And PB.diameter=25 And BR.bestelling_id=[:bestelling_id];', null, null, null, null);
INSERT INTO "DOMINOS"."COUPONVOORWAARDEN" VALUES ('8', '4', 'SELECT *
FROM PRODUCT AS P, BESTELREGEL AS BR, PIZZABODEM AS PB
WHERE BR.pizzaBodem_id=PB.ID And P.ID=BR.product_id And PB.diameter=25 And BR.bestelling_id=[:bestelling_id];', null, null, null, null);
INSERT INTO "DOMINOS"."COUPONVOORWAARDEN" VALUES ('8', '2', 'SELECT *
FROM PRODUCT AS P, BESTELREGEL AS BR, SUBCAT AS S
WHERE P.ID=BR.product_id And P.subcat_id=S.ID
And S.naam="Desserts" And BR.bestelling_id=[:bestelling_id];', null, null, null, null);
INSERT INTO "DOMINOS"."COUPONVOORWAARDEN" VALUES ('9', '3', 'SELECT *
FROM PRODUCT AS P, BESTELREGEL AS BR, PIZZABODEM AS PB
WHERE BR.pizzaBodem_id=PB.ID And P.ID=BR.product_id And PB.diameter=25 And BR.bestelling_id=[:bestelling_id];', null, null, null, null);
INSERT INTO "DOMINOS"."COUPONVOORWAARDEN" VALUES ('9', '1', 'SELECT *
FROM (((BESTELREGEL AS BR INNER JOIN PRODUCT AS P ON BR.product_id=P.id) INNER JOIN SUBCAT AS SC ON P.subcat_id=SC.id) INNER JOIN CAT AS C ON SC.cat_id=C.id) LEFT JOIN PRODUCTGROEP AS PG ON PG.id=P.productgroep_id
WHERE SC.naam<>"Drinks" and C.naam<>"Pizza''s" and (PG.naam<>"Sausjes" or PG.naam is NULL) And BR.bestelling_id=[:bestelling_id];', null, null, null, null);
INSERT INTO "DOMINOS"."COUPONVOORWAARDEN" VALUES ('10', '1', 'SELECT *
FROM PRODUCT AS P, BESTELREGEL AS BR, PIZZABODEM AS PB
WHERE BR.pizzaBodem_id=PB.ID And P.ID=BR.product_id And PB.diameter=25 And BR.bestelling_id=[:bestelling_id];', null, null, null, null);
INSERT INTO "DOMINOS"."COUPONVOORWAARDEN" VALUES ('10', '1', 'SELECT *
FROM PRODUCT AS P, BESTELREGEL AS BR, SUBCAT AS S
WHERE P.ID=BR.product_id And P.subcat_id=S.ID
And S.naam="Drinks" And BR.bestelling_id=[:bestelling_id];', null, null, null, null);
INSERT INTO "DOMINOS"."COUPONVOORWAARDEN" VALUES ('11', '3', 'SELECT *
FROM PRODUCT AS P, BESTELREGEL AS BR, PIZZABODEM AS PB
WHERE BR.pizzaBodem_id=PB.ID And P.ID=BR.product_id And PB.naam="Italian Pizza" And BR.bestelling_id=[:bestelling_id];', null, null, null, null);
INSERT INTO "DOMINOS"."COUPONVOORWAARDEN" VALUES ('13', '3', 'SELECT *
FROM PRODUCT AS P, BESTELREGEL AS BR, PIZZABODEM AS PB
WHERE BR.pizzaBodem_id=PB.ID And P.ID=BR.product_id And PB.diameter=25 And BR.bestelling_id=[:bestelling_id];', null, null, null, null);
INSERT INTO "DOMINOS"."COUPONVOORWAARDEN" VALUES ('14', '3', 'SELECT *
FROM PRODUCT AS P, BESTELREGEL AS BR, PIZZABODEM AS PB
WHERE BR.pizzaBodem_id=PB.ID And P.ID=BR.product_id And PB.diameter=25 And BR.bestelling_id=[:bestelling_id];', null, null, null, null);
INSERT INTO "DOMINOS"."COUPONVOORWAARDEN" VALUES ('14', '1', 'SELECT *
FROM (((BESTELREGEL AS BR INNER JOIN PRODUCT AS P ON BR.product_id=P.id) INNER JOIN SUBCAT AS SC ON P.subcat_id=SC.id) INNER JOIN CAT AS C ON SC.cat_id=C.id) LEFT JOIN PRODUCTGROEP AS PG ON PG.id=P.productgroep_id
WHERE SC.naam<>"Drinks" and C.naam<>"Pizza''s" and (PG.naam<>"Sausjes" or PG.naam is NULL) And BR.bestelling_id=[:bestelling_id];', null, null, null, null);
INSERT INTO "DOMINOS"."COUPONVOORWAARDEN" VALUES ('15', '3', 'SELECT *
FROM PRODUCT AS P, BESTELREGEL AS BR, PIZZABODEM AS PB
WHERE BR.pizzaBodem_id=PB.ID And P.ID=BR.product_id And PB.diameter=25 And BR.bestelling_id=[:bestelling_id];', null, null, null, null);
INSERT INTO "DOMINOS"."COUPONVOORWAARDEN" VALUES ('16', '4', 'SELECT *
FROM PRODUCT AS P, BESTELREGEL AS BR, PIZZABODEM AS PB
WHERE BR.pizzaBodem_id=PB.ID And P.ID=BR.product_id And PB.diameter=25 And BR.bestelling_id=[:bestelling_id];', null, null, null, null);
INSERT INTO "DOMINOS"."COUPONVOORWAARDEN" VALUES ('16', '2', 'SELECT *
FROM (((BESTELREGEL AS BR INNER JOIN PRODUCT AS P ON BR.product_id=P.id) INNER JOIN SUBCAT AS SC ON P.subcat_id=SC.id) INNER JOIN CAT AS C ON SC.cat_id=C.id) LEFT JOIN PRODUCTGROEP AS PG ON PG.id=P.productgroep_id
WHERE SC.naam<>"Drinks" and C.naam<>"Pizza''s" and (PG.naam<>"Sausjes" or PG.naam is NULL) And BR.bestelling_id=[:bestelling_id];', null, null, null, null);
INSERT INTO "DOMINOS"."COUPONVOORWAARDEN" VALUES ('17', '2', 'SELECT *
FROM PRODUCT AS P, BESTELREGEL AS BR, PIZZABODEM AS PB
WHERE BR.pizzaBodem_id=PB.ID And P.ID=BR.product_id And PB.diameter=25 And BR.bestelling_id=[:bestelling_id];', null, null, null, null);
INSERT INTO "DOMINOS"."COUPONVOORWAARDEN" VALUES ('18', '3', 'SELECT *
FROM PRODUCT AS P, BESTELREGEL AS BR, PIZZABODEM AS PB
WHERE BR.pizzaBodem_id=PB.ID And P.ID=BR.product_id And PB.diameter=25 And BR.bestelling_id=[:bestelling_id];', null, null, null, null);
INSERT INTO "DOMINOS"."COUPONVOORWAARDEN" VALUES ('18', '1', 'SELECT *
FROM (((BESTELREGEL AS BR INNER JOIN PRODUCT AS P ON BR.product_id=P.id) INNER JOIN SUBCAT AS SC ON P.subcat_id=SC.id) INNER JOIN CAT AS C ON SC.cat_id=C.id) LEFT JOIN PRODUCTGROEP AS PG ON PG.id=P.productgroep_id
WHERE SC.naam<>"Drinks" and C.naam<>"Pizza''s" and (PG.naam<>"Sausjes" or PG.naam is NULL) And BR.bestelling_id=[:bestelling_id];', null, null, null, null);
INSERT INTO "DOMINOS"."COUPONVOORWAARDEN" VALUES ('20', '3', 'SELECT *
FROM PRODUCT AS P, BESTELREGEL AS BR, PIZZABODEM AS PB
WHERE BR.pizzaBodem_id=PB.ID And P.ID=BR.product_id And PB.diameter=25 And BR.bestelling_id=[:bestelling_id];', '2', null, null, null);
INSERT INTO "DOMINOS"."COUPONVOORWAARDEN" VALUES ('21', '1', 'SELECT *
FROM PRODUCT AS P, BESTELREGEL AS BR
WHERE P.ID=BR.product_id
And P.naam="Chicken Strippers" And BR.bestelling_id=[:bestelling_id];', null, '2.95', null, null);
INSERT INTO "DOMINOS"."COUPONVOORWAARDEN" VALUES ('21', '1', 'SELECT *
FROM PRODUCT AS P, BESTELREGEL AS BR, PIZZABODEM AS PB
WHERE BR.pizzaBodem_id=PB.ID And P.ID=BR.product_id And PB.diameter=35 And BR.bestelling_id=[:bestelling_id];', null, null, null, null);
INSERT INTO "DOMINOS"."COUPONVOORWAARDEN" VALUES ('22', '1', 'SELECT *
FROM BESTELREGEL AS BR
WHERE BR.pizzaBodem_id<>null And BR.bestelling_id=[:bestelling_id];', null, null, '1', null);
INSERT INTO "DOMINOS"."COUPONVOORWAARDEN" VALUES ('23', null, 'SELECT *
FROM PRODUCT AS P, BESTELREGEL AS BR
WHERE P.ID=BR.product_id
And P.naam="Cinnastix" And BR.bestelling_id=[:bestelling_id];', null, '1.50', null, null);
INSERT INTO "DOMINOS"."COUPONVOORWAARDEN" VALUES ('24', '1', 'SELECT *
FROM PRODUCT AS P, BESTELREGEL AS BR, PIZZABODEM AS PB
WHERE BR.pizzaBodem_id=PB.ID And P.ID=BR.product_id And PB.diameter=25 And BR.bestelling_id=[:bestelling_id];', null, '4', null, null);
INSERT INTO "DOMINOS"."COUPONVOORWAARDEN" VALUES ('24', '1', 'SELECT *
FROM PRODUCT AS P, BESTELREGEL AS BR, PIZZABODEM AS PB
WHERE BR.pizzaBodem_id=PB.ID And P.ID=BR.product_id And PB.diameter=25 And BR.bestelling_id=[:bestelling_id];', null, null, null, null);
INSERT INTO "DOMINOS"."COUPONVOORWAARDEN" VALUES ('25', '2', 'SELECT *
FROM PRODUCT AS P, BESTELREGEL AS BR, PIZZABODEM AS PB
WHERE BR.pizzaBodem_id=PB.ID And P.ID=BR.product_id And PB.naam="Italian Pizza" And BR.bestelling_id=[:bestelling_id];', null, null, null, null);
INSERT INTO "DOMINOS"."COUPONVOORWAARDEN" VALUES ('26', '1', 'SELECT *
FROM BESTELREGEL AS BR
WHERE BR.pizzaBodem_id<>null And BR.bestelling_id=[:bestelling_id];', null, null, '1', null);
INSERT INTO "DOMINOS"."COUPONVOORWAARDEN" VALUES ('27', '2', 'SELECT *
FROM PRODUCT AS P, BESTELREGEL AS BR
WHERE P.ID=BR.product_id
And P.naam="Cinnastix" And BR.bestelling_id=[:bestelling_id];', null, '1.50', null, null);
INSERT INTO "DOMINOS"."COUPONVOORWAARDEN" VALUES ('28', '2', 'SELECT *
FROM PRODUCT AS P, BESTELREGEL AS BR
WHERE P.ID=BR.product_id
And P.naam="Hot Choco Cakes" And BR.bestelling_id=[:bestelling_id];', null, '1.50', null, null);
INSERT INTO "DOMINOS"."COUPONVOORWAARDEN" VALUES ('29', '2', 'SELECT *
FROM PRODUCT AS P, BESTELREGEL AS BR
WHERE P.ID=BR.product_id
And P.naam="Poffertjes" And BR.bestelling_id=[:bestelling_id];', null, '1.50', null, null);
INSERT INTO "DOMINOS"."COUPONVOORWAARDEN" VALUES ('34', '1', 'SELECT *
FROM BESTELREGEL AS BR
WHERE BR.pizzaBodem_id<>null And BR.bestelling_id=[:bestelling_id];', null, null, '1', null);
INSERT INTO "DOMINOS"."COUPONVOORWAARDEN" VALUES ('35', '1', 'SELECT *
FROM PRODUCT AS P, BESTELREGEL AS BR
WHERE P.ID=BR.product_id
And P.naam="Stokbrood Kruidenboter" And BR.bestelling_id=[:bestelling_id];', null, '1', null, null);
INSERT INTO "DOMINOS"."COUPONVOORWAARDEN" VALUES ('35', '1', 'SELECT *
FROM BESTELREGEL AS BR
WHERE BR.pizzaBodem_id<>null And BR.bestelling_id=[:bestelling_id];', null, null, null, null);

-- ----------------------------
-- Table structure for "DOMINOS"."INGREDIENT"
-- ----------------------------
DROP TABLE "DOMINOS"."INGREDIENT" cascade constraints;
CREATE TABLE "DOMINOS"."INGREDIENT" (
"ID" NUMBER(10) NOT NULL ,
"NAAM" NVARCHAR2(255) NOT NULL ,
"PLAATJEURL" NVARCHAR2(255) NULL 
)
LOGGING
NOCOMPRESS
NOCACHE

;

-- ----------------------------
-- Records of INGREDIENT
-- ----------------------------
INSERT INTO "DOMINOS"."INGREDIENT" VALUES ('1', 'Ansjovis', null);
INSERT INTO "DOMINOS"."INGREDIENT" VALUES ('2', 'Bacon', null);
INSERT INTO "DOMINOS"."INGREDIENT" VALUES ('3', 'Basilicum', null);
INSERT INTO "DOMINOS"."INGREDIENT" VALUES ('4', 'Beenham', null);
INSERT INTO "DOMINOS"."INGREDIENT" VALUES ('5', 'Kaas', null);
INSERT INTO "DOMINOS"."INGREDIENT" VALUES ('6', 'Kaasmix', null);
INSERT INTO "DOMINOS"."INGREDIENT" VALUES ('7', 'Kip', null);
INSERT INTO "DOMINOS"."INGREDIENT" VALUES ('8', 'Chicken Kebak', null);
INSERT INTO "DOMINOS"."INGREDIENT" VALUES ('9', 'Spaanse Pepers', null);
INSERT INTO "DOMINOS"."INGREDIENT" VALUES ('10', 'Chorizo', null);
INSERT INTO "DOMINOS"."INGREDIENT" VALUES ('11', 'Verse Tomaat', null);
INSERT INTO "DOMINOS"."INGREDIENT" VALUES ('12', 'Knoflooksaus Swirl', null);
INSERT INTO "DOMINOS"."INGREDIENT" VALUES ('13', 'Geitenkaas', null);
INSERT INTO "DOMINOS"."INGREDIENT" VALUES ('14', 'Gorgonzola', null);
INSERT INTO "DOMINOS"."INGREDIENT" VALUES ('15', 'Groene Olijven', null);
INSERT INTO "DOMINOS"."INGREDIENT" VALUES ('16', 'Gehakt', null);
INSERT INTO "DOMINOS"."INGREDIENT" VALUES ('17', 'Ham', null);
INSERT INTO "DOMINOS"."INGREDIENT" VALUES ('18', 'Honing Mosterdsaus', null);
INSERT INTO "DOMINOS"."INGREDIENT" VALUES ('19', 'Champignons', null);
INSERT INTO "DOMINOS"."INGREDIENT" VALUES ('20', 'Paprikamix', null);
INSERT INTO "DOMINOS"."INGREDIENT" VALUES ('21', 'Pepperoni', null);
INSERT INTO "DOMINOS"."INGREDIENT" VALUES ('22', 'Ananas', null);
INSERT INTO "DOMINOS"."INGREDIENT" VALUES ('23', 'Rode Ui', null);
INSERT INTO "DOMINOS"."INGREDIENT" VALUES ('24', 'Salami', null);
INSERT INTO "DOMINOS"."INGREDIENT" VALUES ('25', 'Shoarma', null);
INSERT INTO "DOMINOS"."INGREDIENT" VALUES ('26', 'Spinazie', null);
INSERT INTO "DOMINOS"."INGREDIENT" VALUES ('27', 'Zon gedroogde tomaten', null);
INSERT INTO "DOMINOS"."INGREDIENT" VALUES ('28', 'Tonijn', null);
INSERT INTO "DOMINOS"."INGREDIENT" VALUES ('30', 'Merguez', null);

-- ----------------------------
-- Table structure for "DOMINOS"."INGREDIENT_PIZZA"
-- ----------------------------
DROP TABLE "DOMINOS"."INGREDIENT_PIZZA" cascade constraints;
CREATE TABLE "DOMINOS"."INGREDIENT_PIZZA" (
"ID" NUMBER(10) NOT NULL ,
"PRODUCT_ID" NUMBER(10) NOT NULL ,
"INGREDIENT_ID" NUMBER(10) NOT NULL ,
"AANTAL" NUMBER(10) DEFAULT (1)  NOT NULL 
)
LOGGING
NOCOMPRESS
NOCACHE

;

-- ----------------------------
-- Records of INGREDIENT_PIZZA
-- ----------------------------
INSERT INTO "DOMINOS"."INGREDIENT_PIZZA" VALUES ('2', '1', '2', '1');
INSERT INTO "DOMINOS"."INGREDIENT_PIZZA" VALUES ('3', '1', '5', '1');
INSERT INTO "DOMINOS"."INGREDIENT_PIZZA" VALUES ('4', '1', '14', '1');
INSERT INTO "DOMINOS"."INGREDIENT_PIZZA" VALUES ('5', '1', '19', '1');
INSERT INTO "DOMINOS"."INGREDIENT_PIZZA" VALUES ('6', '1', '23', '1');
INSERT INTO "DOMINOS"."INGREDIENT_PIZZA" VALUES ('7', '1', '26', '1');
INSERT INTO "DOMINOS"."INGREDIENT_PIZZA" VALUES ('8', '1', '27', '1');
INSERT INTO "DOMINOS"."INGREDIENT_PIZZA" VALUES ('9', '2', '3', '1');
INSERT INTO "DOMINOS"."INGREDIENT_PIZZA" VALUES ('10', '2', '5', '1');
INSERT INTO "DOMINOS"."INGREDIENT_PIZZA" VALUES ('11', '2', '7', '1');
INSERT INTO "DOMINOS"."INGREDIENT_PIZZA" VALUES ('12', '2', '23', '1');
INSERT INTO "DOMINOS"."INGREDIENT_PIZZA" VALUES ('13', '2', '26', '1');
INSERT INTO "DOMINOS"."INGREDIENT_PIZZA" VALUES ('14', '2', '27', '1');
INSERT INTO "DOMINOS"."INGREDIENT_PIZZA" VALUES ('15', '3', '3', '1');
INSERT INTO "DOMINOS"."INGREDIENT_PIZZA" VALUES ('16', '3', '5', '1');
INSERT INTO "DOMINOS"."INGREDIENT_PIZZA" VALUES ('17', '3', '13', '1');
INSERT INTO "DOMINOS"."INGREDIENT_PIZZA" VALUES ('18', '3', '15', '1');
INSERT INTO "DOMINOS"."INGREDIENT_PIZZA" VALUES ('19', '3', '19', '1');
INSERT INTO "DOMINOS"."INGREDIENT_PIZZA" VALUES ('20', '3', '23', '1');
INSERT INTO "DOMINOS"."INGREDIENT_PIZZA" VALUES ('21', '3', '26', '1');
INSERT INTO "DOMINOS"."INGREDIENT_PIZZA" VALUES ('22', '3', '27', '1');
INSERT INTO "DOMINOS"."INGREDIENT_PIZZA" VALUES ('23', '5', '6', '1');
INSERT INTO "DOMINOS"."INGREDIENT_PIZZA" VALUES ('24', '5', '14', '1');
INSERT INTO "DOMINOS"."INGREDIENT_PIZZA" VALUES ('28', '6', '2', '1');
INSERT INTO "DOMINOS"."INGREDIENT_PIZZA" VALUES ('29', '6', '5', '1');
INSERT INTO "DOMINOS"."INGREDIENT_PIZZA" VALUES ('30', '6', '7', '1');
INSERT INTO "DOMINOS"."INGREDIENT_PIZZA" VALUES ('31', '6', '16', '1');
INSERT INTO "DOMINOS"."INGREDIENT_PIZZA" VALUES ('32', '6', '17', '1');
INSERT INTO "DOMINOS"."INGREDIENT_PIZZA" VALUES ('33', '6', '20', '1');
INSERT INTO "DOMINOS"."INGREDIENT_PIZZA" VALUES ('34', '6', '23', '1');
INSERT INTO "DOMINOS"."INGREDIENT_PIZZA" VALUES ('35', '7', '2', '1');
INSERT INTO "DOMINOS"."INGREDIENT_PIZZA" VALUES ('36', '7', '5', '1');
INSERT INTO "DOMINOS"."INGREDIENT_PIZZA" VALUES ('37', '7', '17', '1');
INSERT INTO "DOMINOS"."INGREDIENT_PIZZA" VALUES ('38', '7', '19', '1');
INSERT INTO "DOMINOS"."INGREDIENT_PIZZA" VALUES ('39', '7', '23', '1');
INSERT INTO "DOMINOS"."INGREDIENT_PIZZA" VALUES ('40', '8', '5', '1');
INSERT INTO "DOMINOS"."INGREDIENT_PIZZA" VALUES ('41', '8', '15', '1');
INSERT INTO "DOMINOS"."INGREDIENT_PIZZA" VALUES ('42', '8', '16', '1');
INSERT INTO "DOMINOS"."INGREDIENT_PIZZA" VALUES ('43', '8', '17', '1');
INSERT INTO "DOMINOS"."INGREDIENT_PIZZA" VALUES ('44', '8', '19', '1');
INSERT INTO "DOMINOS"."INGREDIENT_PIZZA" VALUES ('45', '8', '20', '1');
INSERT INTO "DOMINOS"."INGREDIENT_PIZZA" VALUES ('46', '8', '21', '1');
INSERT INTO "DOMINOS"."INGREDIENT_PIZZA" VALUES ('47', '8', '23', '1');
INSERT INTO "DOMINOS"."INGREDIENT_PIZZA" VALUES ('48', '9', '5', '1');
INSERT INTO "DOMINOS"."INGREDIENT_PIZZA" VALUES ('49', '9', '8', '1');
INSERT INTO "DOMINOS"."INGREDIENT_PIZZA" VALUES ('50', '9', '12', '1');
INSERT INTO "DOMINOS"."INGREDIENT_PIZZA" VALUES ('51', '9', '23', '1');
INSERT INTO "DOMINOS"."INGREDIENT_PIZZA" VALUES ('52', '10', '5', '1');
INSERT INTO "DOMINOS"."INGREDIENT_PIZZA" VALUES ('53', '10', '25', '1');
INSERT INTO "DOMINOS"."INGREDIENT_PIZZA" VALUES ('54', '11', '2', '1');
INSERT INTO "DOMINOS"."INGREDIENT_PIZZA" VALUES ('55', '11', '5', '1');
INSERT INTO "DOMINOS"."INGREDIENT_PIZZA" VALUES ('56', '11', '8', '1');
INSERT INTO "DOMINOS"."INGREDIENT_PIZZA" VALUES ('57', '11', '10', '1');
INSERT INTO "DOMINOS"."INGREDIENT_PIZZA" VALUES ('58', '11', '16', '1');
INSERT INTO "DOMINOS"."INGREDIENT_PIZZA" VALUES ('59', '11', '17', '1');
INSERT INTO "DOMINOS"."INGREDIENT_PIZZA" VALUES ('60', '14', '5', '1');
INSERT INTO "DOMINOS"."INGREDIENT_PIZZA" VALUES ('61', '14', '17', '1');
INSERT INTO "DOMINOS"."INGREDIENT_PIZZA" VALUES ('62', '14', '19', '1');
INSERT INTO "DOMINOS"."INGREDIENT_PIZZA" VALUES ('63', '14', '20', '1');
INSERT INTO "DOMINOS"."INGREDIENT_PIZZA" VALUES ('64', '14', '21', '1');
INSERT INTO "DOMINOS"."INGREDIENT_PIZZA" VALUES ('65', '15', '5', '1');
INSERT INTO "DOMINOS"."INGREDIENT_PIZZA" VALUES ('66', '15', '7', '1');
INSERT INTO "DOMINOS"."INGREDIENT_PIZZA" VALUES ('67', '15', '22', '1');
INSERT INTO "DOMINOS"."INGREDIENT_PIZZA" VALUES ('68', '16', '5', '1');
INSERT INTO "DOMINOS"."INGREDIENT_PIZZA" VALUES ('69', '16', '16', '1');
INSERT INTO "DOMINOS"."INGREDIENT_PIZZA" VALUES ('70', '16', '17', '1');
INSERT INTO "DOMINOS"."INGREDIENT_PIZZA" VALUES ('71', '16', '21', '1');
INSERT INTO "DOMINOS"."INGREDIENT_PIZZA" VALUES ('72', '17', '4', '1');
INSERT INTO "DOMINOS"."INGREDIENT_PIZZA" VALUES ('73', '17', '5', '1');
INSERT INTO "DOMINOS"."INGREDIENT_PIZZA" VALUES ('74', '17', '18', '1');
INSERT INTO "DOMINOS"."INGREDIENT_PIZZA" VALUES ('75', '18', '5', '1');
INSERT INTO "DOMINOS"."INGREDIENT_PIZZA" VALUES ('76', '18', '7', '1');
INSERT INTO "DOMINOS"."INGREDIENT_PIZZA" VALUES ('77', '18', '11', '1');
INSERT INTO "DOMINOS"."INGREDIENT_PIZZA" VALUES ('78', '18', '20', '1');
INSERT INTO "DOMINOS"."INGREDIENT_PIZZA" VALUES ('79', '18', '23', '1');
INSERT INTO "DOMINOS"."INGREDIENT_PIZZA" VALUES ('80', '19', '2', '1');
INSERT INTO "DOMINOS"."INGREDIENT_PIZZA" VALUES ('81', '19', '5', '1');
INSERT INTO "DOMINOS"."INGREDIENT_PIZZA" VALUES ('82', '19', '16', '1');
INSERT INTO "DOMINOS"."INGREDIENT_PIZZA" VALUES ('83', '19', '19', '1');
INSERT INTO "DOMINOS"."INGREDIENT_PIZZA" VALUES ('84', '19', '20', '1');
INSERT INTO "DOMINOS"."INGREDIENT_PIZZA" VALUES ('85', '19', '21', '1');
INSERT INTO "DOMINOS"."INGREDIENT_PIZZA" VALUES ('86', '19', '23', '1');
INSERT INTO "DOMINOS"."INGREDIENT_PIZZA" VALUES ('87', '20', '5', '1');
INSERT INTO "DOMINOS"."INGREDIENT_PIZZA" VALUES ('88', '20', '17', '1');
INSERT INTO "DOMINOS"."INGREDIENT_PIZZA" VALUES ('89', '20', '22', '1');
INSERT INTO "DOMINOS"."INGREDIENT_PIZZA" VALUES ('90', '21', '5', '1');
INSERT INTO "DOMINOS"."INGREDIENT_PIZZA" VALUES ('91', '21', '9', '1');
INSERT INTO "DOMINOS"."INGREDIENT_PIZZA" VALUES ('92', '21', '20', '1');
INSERT INTO "DOMINOS"."INGREDIENT_PIZZA" VALUES ('93', '21', '21', '1');
INSERT INTO "DOMINOS"."INGREDIENT_PIZZA" VALUES ('94', '21', '23', '1');
INSERT INTO "DOMINOS"."INGREDIENT_PIZZA" VALUES ('95', '22', '5', '1');
INSERT INTO "DOMINOS"."INGREDIENT_PIZZA" VALUES ('96', '22', '20', '1');
INSERT INTO "DOMINOS"."INGREDIENT_PIZZA" VALUES ('97', '22', '24', '1');
INSERT INTO "DOMINOS"."INGREDIENT_PIZZA" VALUES ('98', '23', '5', '1');
INSERT INTO "DOMINOS"."INGREDIENT_PIZZA" VALUES ('99', '23', '23', '1');
INSERT INTO "DOMINOS"."INGREDIENT_PIZZA" VALUES ('100', '23', '28', '1');
INSERT INTO "DOMINOS"."INGREDIENT_PIZZA" VALUES ('101', '24', '5', '1');
INSERT INTO "DOMINOS"."INGREDIENT_PIZZA" VALUES ('102', '24', '11', '1');
INSERT INTO "DOMINOS"."INGREDIENT_PIZZA" VALUES ('103', '24', '15', '1');
INSERT INTO "DOMINOS"."INGREDIENT_PIZZA" VALUES ('104', '24', '19', '1');
INSERT INTO "DOMINOS"."INGREDIENT_PIZZA" VALUES ('105', '24', '20', '1');
INSERT INTO "DOMINOS"."INGREDIENT_PIZZA" VALUES ('106', '24', '23', '1');
INSERT INTO "DOMINOS"."INGREDIENT_PIZZA" VALUES ('107', '24', '26', '1');
INSERT INTO "DOMINOS"."INGREDIENT_PIZZA" VALUES ('108', '25', '3', '1');
INSERT INTO "DOMINOS"."INGREDIENT_PIZZA" VALUES ('109', '25', '5', '1');
INSERT INTO "DOMINOS"."INGREDIENT_PIZZA" VALUES ('110', '25', '11', '1');
INSERT INTO "DOMINOS"."INGREDIENT_PIZZA" VALUES ('111', '26', '5', '1');
INSERT INTO "DOMINOS"."INGREDIENT_PIZZA" VALUES ('112', '26', '19', '1');
INSERT INTO "DOMINOS"."INGREDIENT_PIZZA" VALUES ('113', '27', '5', '1');
INSERT INTO "DOMINOS"."INGREDIENT_PIZZA" VALUES ('114', '28', '5', '1');
INSERT INTO "DOMINOS"."INGREDIENT_PIZZA" VALUES ('115', '28', '21', '1');
INSERT INTO "DOMINOS"."INGREDIENT_PIZZA" VALUES ('116', '67', '16', '1');
INSERT INTO "DOMINOS"."INGREDIENT_PIZZA" VALUES ('117', '67', '30', '1');
INSERT INTO "DOMINOS"."INGREDIENT_PIZZA" VALUES ('118', '67', '7', '1');

-- ----------------------------
-- Table structure for "DOMINOS"."OPENINGSTIJD"
-- ----------------------------
DROP TABLE "DOMINOS"."OPENINGSTIJD" cascade constraints;
CREATE TABLE "DOMINOS"."OPENINGSTIJD" (
"ID" NUMBER(10) NOT NULL ,
"WINKEL_ID" NUMBER(10) NOT NULL ,
"DAG" NVARCHAR2(255) NOT NULL ,
"OPEN" DATE NOT NULL ,
"GESLOTEN" DATE NOT NULL 
)
LOGGING
NOCOMPRESS
NOCACHE

;

-- ----------------------------
-- Records of OPENINGSTIJD
-- ----------------------------

-- ----------------------------
-- Table structure for "DOMINOS"."OPTIE"
-- ----------------------------
DROP TABLE "DOMINOS"."OPTIE" cascade constraints;
CREATE TABLE "DOMINOS"."OPTIE" (
"PRODUCT_ID" NUMBER(10) NOT NULL ,
"PRODUCT_ID_OPTIE" NUMBER(10) NOT NULL ,
"GRATIS" NUMBER(1) DEFAULT (1)  NOT NULL 
)
LOGGING
NOCOMPRESS
NOCACHE

;

-- ----------------------------
-- Records of OPTIE
-- ----------------------------
INSERT INTO "DOMINOS"."OPTIE" VALUES ('31', '35', '1');
INSERT INTO "DOMINOS"."OPTIE" VALUES ('31', '36', '1');
INSERT INTO "DOMINOS"."OPTIE" VALUES ('32', '35', '1');
INSERT INTO "DOMINOS"."OPTIE" VALUES ('32', '36', '1');
INSERT INTO "DOMINOS"."OPTIE" VALUES ('33', '35', '1');
INSERT INTO "DOMINOS"."OPTIE" VALUES ('33', '36', '1');
INSERT INTO "DOMINOS"."OPTIE" VALUES ('34', '37', '1');
INSERT INTO "DOMINOS"."OPTIE" VALUES ('39', '35', '1');
INSERT INTO "DOMINOS"."OPTIE" VALUES ('39', '36', '1');
INSERT INTO "DOMINOS"."OPTIE" VALUES ('44', '48', '1');
INSERT INTO "DOMINOS"."OPTIE" VALUES ('49', '48', '0');
INSERT INTO "DOMINOS"."OPTIE" VALUES ('50', '48', '0');

-- ----------------------------
-- Table structure for "DOMINOS"."PIZZABODEM"
-- ----------------------------
DROP TABLE "DOMINOS"."PIZZABODEM" cascade constraints;
CREATE TABLE "DOMINOS"."PIZZABODEM" (
"ID" NUMBER(10) NOT NULL ,
"NAAM" NVARCHAR2(255) NOT NULL ,
"DIAMETER" NUMBER(10) DEFAULT (25)  NULL ,
"PLAATJEURL" NVARCHAR2(255) NULL ,
"OMSCHRIJVING" NVARCHAR2(255) NULL ,
"TOESLAG" NUMBER(19,2) DEFAULT (0)  NOT NULL ,
"BESCHIKBAAR" NUMBER(1) DEFAULT (1)  NOT NULL 
)
LOGGING
NOCOMPRESS
NOCACHE

;

-- ----------------------------
-- Records of PIZZABODEM
-- ----------------------------
INSERT INTO "DOMINOS"."PIZZABODEM" VALUES ('1', 'Medium Cheesy Crust Pizza', '25', null, 'Ambachtelijk uitgeslagen bodem van vers deeg (25 cm). De rand van deze pizza is gevuld met smakelijke gesmolten kaas met kruiden.', '2', '1');
INSERT INTO "DOMINOS"."PIZZABODEM" VALUES ('2', 'Medium Pizza', '25', null, 'Deze klassieke bodem van Domino’s worden ambachtelijk uitgeslagen van ons verse deeg. Met de hand gevormd tot een perfecte bodem.', '0', '1');
INSERT INTO "DOMINOS"."PIZZABODEM" VALUES ('3', 'Large Pizza', '35', null, 'Deze klassieke bodem van Domino’s worden ambachtelijk uitgeslagen van ons verse deeg. Met de hand gevormd tot een perfecte bodem.', '4', '1');
INSERT INTO "DOMINOS"."PIZZABODEM" VALUES ('4', 'Family XXL Pizza', '40', null, 'Deze klassieke bodem van Domino’s worden ambachtelijk uitgeslagen van ons verse deeg. Met de hand gevormd tot een perfecte bodem.', '5', '1');
INSERT INTO "DOMINOS"."PIZZABODEM" VALUES ('5', 'Italian Pizza', '30', null, 'Traditioneel dun uitgeslagen 30 centimeter bodem van vers Domino’s deeg. Lekker dun en krokant gebakken. Met oregano.', '1', '1');
INSERT INTO "DOMINOS"."PIZZABODEM" VALUES ('6', 'Medium Fresh Pan Pizza', '25', null, 'De panpizza van Domino’s is een dikke, luchtige bodem van 25 centimeter met een knapperig korstje van boter en kruiden. In een pannetje gebakken.', '1', '1');

-- ----------------------------
-- Table structure for "DOMINOS"."PIZZASAUS"
-- ----------------------------
DROP TABLE "DOMINOS"."PIZZASAUS" cascade constraints;
CREATE TABLE "DOMINOS"."PIZZASAUS" (
"ID" NUMBER(10) NOT NULL ,
"NAAM" NVARCHAR2(255) NOT NULL ,
"BESCHIKBAAR" NUMBER(1) DEFAULT (1)  NOT NULL 
)
LOGGING
NOCOMPRESS
NOCACHE

;

-- ----------------------------
-- Records of PIZZASAUS
-- ----------------------------
INSERT INTO "DOMINOS"."PIZZASAUS" VALUES ('1', 'Barbecue Saus', '1');
INSERT INTO "DOMINOS"."PIZZASAUS" VALUES ('2', 'Creme Fraiche', '1');
INSERT INTO "DOMINOS"."PIZZASAUS" VALUES ('3', 'Tomatensaus', '1');

-- ----------------------------
-- Table structure for "DOMINOS"."PRODUCT"
-- ----------------------------
DROP TABLE "DOMINOS"."PRODUCT" cascade constraints;
CREATE TABLE "DOMINOS"."PRODUCT" (
"ID" NUMBER(10) NOT NULL ,
"SUBCAT_ID" NUMBER(10) NOT NULL ,
"PIZZASAUS_ID_STANDAARD" NUMBER(10) NULL ,
"PRODUCTGROEP_ID" NUMBER(10) NULL ,
"NAAM" NVARCHAR2(255) NOT NULL ,
"OMSCHRIJVING" NVARCHAR2(255) NULL ,
"PRIJS" NUMBER(19,2) NOT NULL ,
"BEZORGTOESLAG" NUMBER(19,2) DEFAULT (0)  NOT NULL ,
"MAXGRATISOPTIES" NUMBER(10) NULL ,
"PIZZABODEMAANPASBAAR" NUMBER(1) DEFAULT (1)  NOT NULL ,
"PLAATJEURL" NVARCHAR2(255) NULL ,
"SPICY" NUMBER(1) DEFAULT (0)  NOT NULL ,
"VEGETARISCH" NUMBER(1) DEFAULT (0)  NOT NULL ,
"INTRODUCTIEDATUM" DATE NULL ,
"BESCHIKBAAR" NUMBER(1) DEFAULT (1)  NOT NULL 
)
LOGGING
NOCOMPRESS
NOCACHE

;

-- ----------------------------
-- Records of PRODUCT
-- ----------------------------
INSERT INTO "DOMINOS"."PRODUCT" VALUES ('1', '1', '3', null, 'Bacon Gorgonzola', 'Tomatensaus, mozzarella, verse spinazie, rode ui, bacon, champignons, zongedroogde tomaatjes, oregano & gorgonzola', '8.95', '2', null, '0', null, '0', '0', null, '1');
INSERT INTO "DOMINOS"."PRODUCT" VALUES ('2', '1', '3', null, 'Pollo Pomodore', 'Tomatensaus, mozzarella, verse spinazie, geroosterde kip, rode ui, basilicum & zongedroogde tomaatjes', '8.95', '2', null, '0', null, '0', '0', null, '1');
INSERT INTO "DOMINOS"."PRODUCT" VALUES ('3', '1', '2', null, 'Tricolore', 'Creme Fraiche, mozzarella, geitenkaas, verse spinazie, rode ui, groene olijven, champignons, basilicum & zongedroogde tomaatjes', '8.95', '2', null, '0', null, '0', '1', null, '1');
INSERT INTO "DOMINOS"."PRODUCT" VALUES ('5', '2', '3', null, 'Four Cheese', 'Tomatensaus, edammer, mozzarella, red cheddar & gorgonzola', '7.95', '2', null, '1', null, '0', '1', null, '1');
INSERT INTO "DOMINOS"."PRODUCT" VALUES ('6', '13', '1', null, 'BBQ Mixed Grill', 'BBQ saus, mozzarella, rode ui, paprika, gehakt, bacon, ham & gegrilde kip', '7.95', '2', null, '1', null, '0', '0', null, '1');
INSERT INTO "DOMINOS"."PRODUCT" VALUES ('7', '2', '2', null, 'Creamy Bacon', 'Creamy Bacon', '7.95', '2', null, '1', null, '0', '0', null, '1');
INSERT INTO "DOMINOS"."PRODUCT" VALUES ('8', '2', '3', null, 'Extravaganzza', 'Extravaganzza', '7.95', '2', null, '1', null, '0', '0', null, '1');
INSERT INTO "DOMINOS"."PRODUCT" VALUES ('9', '2', '3', null, 'Chicken Kebab', 'Tomatensaus, mozzarella, rode ui, chicken-kebab & een swirl van knoflooksaus', '7.95', '2', null, '1', null, '0', '0', null, '1');
INSERT INTO "DOMINOS"."PRODUCT" VALUES ('10', '2', '3', null, 'Shoarma', 'Tomatensaus, mozzarella, shoarma & sachet knoflooksaus', '7.95', '2', null, '1', null, '0', '0', null, '1');
INSERT INTO "DOMINOS"."PRODUCT" VALUES ('11', '13', '1', null, 'Supreme', 'BBQ-saus, mozzarella, kebab, chorizo, gehakt, ham & bacon', '7.95', '2', null, '1', null, '0', '0', null, '1');
INSERT INTO "DOMINOS"."PRODUCT" VALUES ('14', '2', '3', null, 'Vier Seizoenen', 'Tomatensaus, mozzarella, 1/4 pepperoni, 1/4 ham, 1/4 champignons & 1/4 paprika', '6.95', '2', null, '1', null, '0', '0', null, '1');
INSERT INTO "DOMINOS"."PRODUCT" VALUES ('15', '13', '1', null, 'BBQ Chicken Hawaii', 'BBQ saus, mozzarella, kip, ananas & extra mozzarella', '6.95', '2', null, '1', null, '0', '0', null, '1');
INSERT INTO "DOMINOS"."PRODUCT" VALUES ('16', '2', '3', null, 'Americana', 'Tomatensaus, mozzarella, pepperoni, ham & gehakt', '6.95', '2', null, '1', null, '0', '0', null, '1');
INSERT INTO "DOMINOS"."PRODUCT" VALUES ('17', '2', '3', null, 'Beenham', 'Tomatensaus, mozzarella, beenham & honig mosterdsaus', '6.95', '2', null, '1', null, '0', '0', null, '1');
INSERT INTO "DOMINOS"."PRODUCT" VALUES ('18', '2', '3', null, 'Chicken Supreme', 'Tomatensaus, mozzarella, gegrilde kip, rode ui, paprika, verse tomaat & oregano', '6.95', '2', null, '1', null, '0', '0', null, '1');
INSERT INTO "DOMINOS"."PRODUCT" VALUES ('19', '2', '3', null, 'Deluxe', 'Tomatensaus, mozzarella, rode ui, paprika, pepperoni, baconstrips, champignons & gehakt', '6.95', '2', null, '1', null, '0', '0', null, '1');
INSERT INTO "DOMINOS"."PRODUCT" VALUES ('20', '2', '3', null, 'Hawaii', 'Tomatensaus, mozzarella, ham, ananas & extra kaas', '6.95', '2', null, '1', null, '0', '0', null, '1');
INSERT INTO "DOMINOS"."PRODUCT" VALUES ('21', '2', '3', null, 'Hot & Spicy', 'Tomatensaus, mozzarella, rode ui, paprika, pepperoni & spaanse pepers', '6.95', '2', null, '1', null, '1', '0', null, '1');
INSERT INTO "DOMINOS"."PRODUCT" VALUES ('22', '2', '3', null, 'Salame Speciale', 'Tomatensaus, mozzarella, salami, paprika & oregano', '6.95', '2', null, '1', null, '0', '0', null, '1');
INSERT INTO "DOMINOS"."PRODUCT" VALUES ('23', '2', '3', null, 'Tonno', 'Tomatensaus, mozzarella, tonijn & rode ui', '6.95', '2', null, '1', null, '0', '0', null, '1');
INSERT INTO "DOMINOS"."PRODUCT" VALUES ('24', '2', '3', null, 'Veggi', 'Tomatensaus, mozzarella, verse spinazie, rode ui, paprika, champignons, olijven & verse tomaat', '6.95', '2', null, '1', null, '0', '1', null, '1');
INSERT INTO "DOMINOS"."PRODUCT" VALUES ('25', '2', '3', null, 'Caprese', 'Tomatensaus, mozzarella, verse tomaat & basillicum', '4.95', '2', null, '1', null, '0', '1', null, '1');
INSERT INTO "DOMINOS"."PRODUCT" VALUES ('26', '2', '3', null, 'Funghi', 'Tomatensaus, mozzarella, champignons & oregano', '4.95', '2', null, '1', null, '0', '1', null, '1');
INSERT INTO "DOMINOS"."PRODUCT" VALUES ('27', '2', '3', null, 'Margaritha', 'Tomatensaus, dubbel mozzarella & oregano', '4.95', '2', null, '1', null, '0', '1', null, '1');
INSERT INTO "DOMINOS"."PRODUCT" VALUES ('28', '2', '3', null, 'Perfect Pepperoni', 'Tomatensaus, mozzarella & pepperoni', '4.95', '2', null, '1', null, '0', '1', null, '1');
INSERT INTO "DOMINOS"."PRODUCT" VALUES ('29', '6', null, null, 'Pasta Pollo', 'Verse pasta met alfredo saus, mozzarella, gegrilde kip, basilicum & oregano', '6.95', '2', null, '0', null, '0', '0', null, '1');
INSERT INTO "DOMINOS"."PRODUCT" VALUES ('30', '6', null, null, 'Pasta Bolognese', 'Verse pasta met traditionele tomatensaus, gehakt, mozzarella & oregano.', '6.95', '2', null, '0', null, '0', '0', null, '1');
INSERT INTO "DOMINOS"."PRODUCT" VALUES ('31', '8', null, null, 'Buffalo Wings', '8 Gemarineerde kippenkluifjes. Kies uw saus (inclusief)', '3.95', '0', '2', '0', null, '0', '0', null, '1');
INSERT INTO "DOMINOS"."PRODUCT" VALUES ('32', '8', null, null, 'Kick''n Chicken', '8 Pittig gekruide kipstukjes. Kies uw saus (inclusief)', '3.95', '0', '2', '0', null, '1', '0', null, '1');
INSERT INTO "DOMINOS"."PRODUCT" VALUES ('33', '8', null, null, 'Chicken Strippers', '8 Malse kipstukjes in een krokant jasje. Kies uw saus (inclusief)', '3.95', '0', '2', '0', null, '0', '0', null, '1');
INSERT INTO "DOMINOS"."PRODUCT" VALUES ('34', '8', null, null, 'Potato Wedges', 'Versgebakken aardappelpartjes. Kies uw saus (inclusief)', '2.95', '0', '1', '0', null, '0', '1', null, '1');
INSERT INTO "DOMINOS"."PRODUCT" VALUES ('35', '8', null, '1', 'BBQ Saus', null, '0.25', '0', null, '0', null, '0', '0', null, '1');
INSERT INTO "DOMINOS"."PRODUCT" VALUES ('36', '8', null, '1', 'Chili Saus', null, '0.25', '0', null, '0', null, '0', '0', null, '1');
INSERT INTO "DOMINOS"."PRODUCT" VALUES ('37', '8', null, '1', 'Mayonaise Saus', null, '0.25', '0', null, '0', null, '0', '0', null, '1');
INSERT INTO "DOMINOS"."PRODUCT" VALUES ('38', '8', null, '1', 'Zakje Knoflooksaus', null, '1', '0', null, '0', null, '0', '0', null, '1');
INSERT INTO "DOMINOS"."PRODUCT" VALUES ('39', '8', null, null, 'Chicken Combobox', '4 Buffalo Wings, 4 Chicken Strippers & 4 Kick''n Chicken', '5.95', '0', '2', '0', null, '0', '0', null, '1');
INSERT INTO "DOMINOS"."PRODUCT" VALUES ('40', '9', null, null, 'Stokbrood Kruidenboter', 'Versgebakken stokbroodje gevuld met kruidenboter', '1.95', '0', null, '0', null, '0', '1', null, '1');
INSERT INTO "DOMINOS"."PRODUCT" VALUES ('41', '9', null, null, 'Cheese Bites', 'Versgebakken deegrolletjes met Emmentaler-kaas', '1', '0', null, '0', null, '0', '1', null, '1');
INSERT INTO "DOMINOS"."PRODUCT" VALUES ('42', '9', null, null, 'Cheesy Bread', 'Versgebakken kaasbroodje', '1.95', '0', null, '0', null, '0', '1', null, '1');
INSERT INTO "DOMINOS"."PRODUCT" VALUES ('43', '10', null, null, 'Fresh Salad', 'Met Ceasar dressing', '2.50', '0', null, '0', null, '0', '1', null, '1');
INSERT INTO "DOMINOS"."PRODUCT" VALUES ('44', '12', null, null, 'Cinnastix', 'Vergebakken kaneelbroodje, inclusief sweet vanilla icing dipsaus.', '2.95', '0', '1', '0', null, '0', '1', null, '1');
INSERT INTO "DOMINOS"."PRODUCT" VALUES ('45', '12', null, null, 'Poffertjes', 'Poffertjes met poedersuiker & boter', '1.95', '0', null, '0', null, '0', '1', null, '1');
INSERT INTO "DOMINOS"."PRODUCT" VALUES ('46', '12', null, null, 'Hot Choco Cakes', 'Versgebakken chocolade cakejes met zachte vulling', '1.95', '0', null, '0', null, '0', '1', null, '1');
INSERT INTO "DOMINOS"."PRODUCT" VALUES ('47', '12', null, null, 'Roomsoesjes', '6 Soesjes gevuld met banketbakkersroom', '1.95', '0', null, '0', null, '0', '1', null, '1');
INSERT INTO "DOMINOS"."PRODUCT" VALUES ('48', '12', null, '1', 'Sweet Icing Saus', null, '0.50', '0', null, '0', null, '0', '1', null, '1');
INSERT INTO "DOMINOS"."PRODUCT" VALUES ('49', '12', null, null, 'Dessert Box', '10 Poffertjes, 6 Cinnabites & 4 Hot Choco Cakes. Heerlijk met Sweet Icing Dipsaus (bij te bestellen voor €0,50)', '5.95', '0', null, '0', null, '0', '1', null, '1');
INSERT INTO "DOMINOS"."PRODUCT" VALUES ('50', '12', null, null, 'Cinnabites', 'Cinnabites
 

Verse deegbolletjes bestrooid met kaneelsuiker. Heerlijk met Sweet Icing Dipsaus (optioneel +€0,50)', '1.95', '0', null, '0', null, '0', '0', null, '1');
INSERT INTO "DOMINOS"."PRODUCT" VALUES ('51', '11', null, null, '0.5 liter Chaudfontaine', '0.5 liter Chaudfontaine', '1.50', '0', null, '0', null, '0', '0', null, '1');
INSERT INTO "DOMINOS"."PRODUCT" VALUES ('52', '11', null, null, '0.25 liter Red Bull Regular', '0.25 liter Red Bull Regular', '2.25', '0', null, '0', null, '0', '0', null, '1');
INSERT INTO "DOMINOS"."PRODUCT" VALUES ('53', '11', null, null, '0.33 liter Coca Cola', '0.33 liter Coca Cola', '1.50', '0', null, '0', null, '0', '0', null, '1');
INSERT INTO "DOMINOS"."PRODUCT" VALUES ('54', '11', null, null, '0.33 liter Coca-Cola Zero', '0.33 liter Coca-Cola Zero', '1.50', '0', null, '0', null, '0', '0', null, '1');
INSERT INTO "DOMINOS"."PRODUCT" VALUES ('55', '11', null, null, '0.33 liter Coca-Cola Light', '0.33 liter Coca-Cola Light', '1.50', '0', null, '0', null, '0', '0', null, '1');
INSERT INTO "DOMINOS"."PRODUCT" VALUES ('56', '11', null, null, '0.33 liter Sprite', '0.33 liter Sprite', '1.50', '0', null, '0', null, '0', '0', null, '1');
INSERT INTO "DOMINOS"."PRODUCT" VALUES ('57', '11', null, null, '0.33 liter Fanta', '0.33 liter Fanta', '1.50', '0', null, '0', null, '0', '0', null, '1');
INSERT INTO "DOMINOS"."PRODUCT" VALUES ('58', '11', null, null, '0.33 liter Nestea Sparkling Lemon', '0.33 liter Nestea Sparkling Lemon', '1.50', '0', null, '0', null, '0', '0', null, '1');
INSERT INTO "DOMINOS"."PRODUCT" VALUES ('59', '11', null, null, '1.5 liter Coca-Cola', '1.5 liter Coca-Cola', '3.25', '0', null, '0', null, '0', '0', null, '1');
INSERT INTO "DOMINOS"."PRODUCT" VALUES ('60', '12', null, null, '500ml B & J Ice Cream', null, '6.50', '0', null, '0', null, '0', '0', null, '1');
INSERT INTO "DOMINOS"."PRODUCT" VALUES ('63', '11', null, null, '0.33 liter Fernandes', null, '1.50', '0', null, '0', null, '0', '0', null, '1');
INSERT INTO "DOMINOS"."PRODUCT" VALUES ('64', '11', null, null, '0.2 liter Capri Sonne', null, '1', '0', null, '0', null, '0', '0', null, '1');
INSERT INTO "DOMINOS"."PRODUCT" VALUES ('65', '11', null, null, '1.5 liter Fanta', '1.5 liter Fanta', '3.50', '0', null, '0', null, '0', '0', null, '1');
INSERT INTO "DOMINOS"."PRODUCT" VALUES ('67', '13', '1', null, 'BBQ Cannibale', 'BBQ Saus, mozzarella, gehakt, Merguez, kip & een swirl van BBQ saus', '4.95', '2', null, '1', null, '0', '0', TO_DATE('2014-07-14 00:00:00', 'YYYY-MM-DD HH24:MI:SS'), '1');

-- ----------------------------
-- Table structure for "DOMINOS"."PRODUCTGROEP"
-- ----------------------------
DROP TABLE "DOMINOS"."PRODUCTGROEP" cascade constraints;
CREATE TABLE "DOMINOS"."PRODUCTGROEP" (
"ID" NUMBER(10) NOT NULL ,
"NAAM" NVARCHAR2(255) NOT NULL ,
"PLAATJEURL" NVARCHAR2(255) NULL 
)
LOGGING
NOCOMPRESS
NOCACHE

;

-- ----------------------------
-- Records of PRODUCTGROEP
-- ----------------------------
INSERT INTO "DOMINOS"."PRODUCTGROEP" VALUES ('1', 'Sausjes', null);
INSERT INTO "DOMINOS"."PRODUCTGROEP" VALUES ('2', 'B & J Ice Cream 500 ml', null);

-- ----------------------------
-- Table structure for "DOMINOS"."PRODUCTVARIATIE"
-- ----------------------------
DROP TABLE "DOMINOS"."PRODUCTVARIATIE" cascade constraints;
CREATE TABLE "DOMINOS"."PRODUCTVARIATIE" (
"ID" NUMBER(10) NOT NULL ,
"PRODUCT_ID" NUMBER(10) NOT NULL ,
"VARIATIE" NVARCHAR2(255) NOT NULL ,
"PRIJS" NUMBER(19,2) NULL 
)
LOGGING
NOCOMPRESS
NOCACHE

;

-- ----------------------------
-- Records of PRODUCTVARIATIE
-- ----------------------------
INSERT INTO "DOMINOS"."PRODUCTVARIATIE" VALUES ('1', '60', 'Vanilla Honey Caramel', null);
INSERT INTO "DOMINOS"."PRODUCTVARIATIE" VALUES ('2', '60', 'Caramel Chew Chew', null);
INSERT INTO "DOMINOS"."PRODUCTVARIATIE" VALUES ('3', '60', 'Chocolate Fudge Brownie', null);
INSERT INTO "DOMINOS"."PRODUCTVARIATIE" VALUES ('4', '60', 'Chunky Monkey', null);
INSERT INTO "DOMINOS"."PRODUCTVARIATIE" VALUES ('5', '60', 'Cookie Dough', null);
INSERT INTO "DOMINOS"."PRODUCTVARIATIE" VALUES ('6', '60', 'Strawberry CheeseCake', null);
INSERT INTO "DOMINOS"."PRODUCTVARIATIE" VALUES ('7', '60', 'Baked Alaska', null);
INSERT INTO "DOMINOS"."PRODUCTVARIATIE" VALUES ('8', '60', 'Phish Food', null);
INSERT INTO "DOMINOS"."PRODUCTVARIATIE" VALUES ('9', '63', 'Cherry', null);
INSERT INTO "DOMINOS"."PRODUCTVARIATIE" VALUES ('10', '63', 'Green Punch', null);

-- ----------------------------
-- Table structure for "DOMINOS"."SUBCAT"
-- ----------------------------
DROP TABLE "DOMINOS"."SUBCAT" cascade constraints;
CREATE TABLE "DOMINOS"."SUBCAT" (
"ID" NUMBER(10) NOT NULL ,
"CAT_ID" NUMBER(10) NOT NULL ,
"NAAM" NVARCHAR2(255) NOT NULL ,
"OMSCHRIJVING" NVARCHAR2(255) NULL 
)
LOGGING
NOCOMPRESS
NOCACHE

;

-- ----------------------------
-- Records of SUBCAT
-- ----------------------------
INSERT INTO "DOMINOS"."SUBCAT" VALUES ('1', '1', 'Famous Artisan Pizza’s', null);
INSERT INTO "DOMINOS"."SUBCAT" VALUES ('2', '1', 'Top Taste Pizza''s', null);
INSERT INTO "DOMINOS"."SUBCAT" VALUES ('3', '1', 'Favourite Pizza''s', null);
INSERT INTO "DOMINOS"."SUBCAT" VALUES ('4', '1', 'Traditional Pizza''s', null);
INSERT INTO "DOMINOS"."SUBCAT" VALUES ('5', '1', 'Be the Chef', 'Stel je eigen Pizza samen. Kies uit de volgende Opties.');
INSERT INTO "DOMINOS"."SUBCAT" VALUES ('6', '2', 'Pasta''s', 'Heerlijke verse pasta''s!');
INSERT INTO "DOMINOS"."SUBCAT" VALUES ('8', '2', 'Kip, Wedges & Sausjes', null);
INSERT INTO "DOMINOS"."SUBCAT" VALUES ('9', '2', 'Broodproducten', null);
INSERT INTO "DOMINOS"."SUBCAT" VALUES ('10', '2', 'Salade', null);
INSERT INTO "DOMINOS"."SUBCAT" VALUES ('11', '3', 'Drinks', null);
INSERT INTO "DOMINOS"."SUBCAT" VALUES ('12', '3', 'Desserts', 'Heerlijke desserts om je menu compleet te maken');
INSERT INTO "DOMINOS"."SUBCAT" VALUES ('13', '1', 'BBQ Specials', null);

-- ----------------------------
-- Table structure for "DOMINOS"."WINKEL"
-- ----------------------------
DROP TABLE "DOMINOS"."WINKEL" cascade constraints;
CREATE TABLE "DOMINOS"."WINKEL" (
"ID" NUMBER(10) NOT NULL ,
"POSTCODE_ID_FK" NUMBER(10) NULL ,
"NAAM" NVARCHAR2(255) NOT NULL ,
"POSTCODE" NVARCHAR2(6) NOT NULL ,
"POSTCODE_ID" NUMBER(10) NULL ,
"HUISNR" NVARCHAR2(255) NOT NULL ,
"TOEVOEGING" NVARCHAR2(255) NULL ,
"TELNR" NVARCHAR2(10) NULL ,
"OPGEHEVEN" NUMBER(1) DEFAULT (0)  NOT NULL 
)
LOGGING
NOCOMPRESS
NOCACHE

;

-- ----------------------------
-- Records of WINKEL
-- ----------------------------

-- ----------------------------
-- Table structure for "DOMINOS"."WINKEL_COUPON"
-- ----------------------------
DROP TABLE "DOMINOS"."WINKEL_COUPON" cascade constraints;
CREATE TABLE "DOMINOS"."WINKEL_COUPON" (
"ID" NUMBER(10) NOT NULL ,
"WINKEL_ID" NUMBER(10) NOT NULL ,
"COUPON_ID" NUMBER(10) NOT NULL 
)
LOGGING
NOCOMPRESS
NOCACHE

;

-- ----------------------------
-- Records of WINKEL_COUPON
-- ----------------------------

-- ----------------------------
-- Table structure for "DOMINOS"."WINKEL_PRODUCT"
-- ----------------------------
DROP TABLE "DOMINOS"."WINKEL_PRODUCT" cascade constraints;
CREATE TABLE "DOMINOS"."WINKEL_PRODUCT" (
"ID" NUMBER(10) NOT NULL ,
"WINKEL_ID" NUMBER(10) NOT NULL ,
"PRODUCT_ID" NUMBER(10) NOT NULL 
)
LOGGING
NOCOMPRESS
NOCACHE

;

-- ----------------------------
-- Records of WINKEL_PRODUCT
-- ----------------------------

-- ----------------------------
-- Sequence structure for "DOMINOS"."BESTELLING_COUPON_FCSEQ"
-- ----------------------------
DROP SEQUENCE "DOMINOS"."BESTELLING_COUPON_FCSEQ";
CREATE SEQUENCE "DOMINOS"."BESTELLING_COUPON_FCSEQ"
 INCREMENT BY 1
 MINVALUE 1
 MAXVALUE 9999999999999999999999999999
 START WITH 8
 CACHE 20;

-- ----------------------------
-- Sequence structure for "DOMINOS"."BESTELLING_FCSEQ"
-- ----------------------------
DROP SEQUENCE "DOMINOS"."BESTELLING_FCSEQ";
CREATE SEQUENCE "DOMINOS"."BESTELLING_FCSEQ"
 INCREMENT BY 1
 MINVALUE 1
 MAXVALUE 9999999999999999999999999999
 START WITH 8
 CACHE 20;

-- ----------------------------
-- Sequence structure for "DOMINOS"."BR_FCSEQ"
-- ----------------------------
DROP SEQUENCE "DOMINOS"."BR_FCSEQ";
CREATE SEQUENCE "DOMINOS"."BR_FCSEQ"
 INCREMENT BY 1
 MINVALUE 1
 MAXVALUE 9999999999999999999999999999
 START WITH 26
 CACHE 20;

-- ----------------------------
-- Sequence structure for "DOMINOS"."BR_INGREDIENT_FCSEQ"
-- ----------------------------
DROP SEQUENCE "DOMINOS"."BR_INGREDIENT_FCSEQ";
CREATE SEQUENCE "DOMINOS"."BR_INGREDIENT_FCSEQ"
 INCREMENT BY 1
 MINVALUE 1
 MAXVALUE 9999999999999999999999999999
 START WITH 77
 CACHE 20;

-- ----------------------------
-- Sequence structure for "DOMINOS"."BR_PRODUCT_OPTIE_FCSEQ"
-- ----------------------------
DROP SEQUENCE "DOMINOS"."BR_PRODUCT_OPTIE_FCSEQ";
CREATE SEQUENCE "DOMINOS"."BR_PRODUCT_OPTIE_FCSEQ"
 INCREMENT BY 1
 MINVALUE 1
 MAXVALUE 9999999999999999999999999999
 START WITH 8
 CACHE 20;

-- ----------------------------
-- Sequence structure for "DOMINOS"."CAT_FCSEQ"
-- ----------------------------
DROP SEQUENCE "DOMINOS"."CAT_FCSEQ";
CREATE SEQUENCE "DOMINOS"."CAT_FCSEQ"
 INCREMENT BY 1
 MINVALUE 1
 MAXVALUE 9999999999999999999999999999
 START WITH 4
 CACHE 20;

-- ----------------------------
-- Sequence structure for "DOMINOS"."COUPON_FCSEQ"
-- ----------------------------
DROP SEQUENCE "DOMINOS"."COUPON_FCSEQ";
CREATE SEQUENCE "DOMINOS"."COUPON_FCSEQ"
 INCREMENT BY 1
 MINVALUE 1
 MAXVALUE 9999999999999999999999999999
 START WITH 36
 CACHE 20;

-- ----------------------------
-- Sequence structure for "DOMINOS"."INGREDIENT_FCSEQ"
-- ----------------------------
DROP SEQUENCE "DOMINOS"."INGREDIENT_FCSEQ";
CREATE SEQUENCE "DOMINOS"."INGREDIENT_FCSEQ"
 INCREMENT BY 1
 MINVALUE 1
 MAXVALUE 9999999999999999999999999999
 START WITH 31
 CACHE 20;

-- ----------------------------
-- Sequence structure for "DOMINOS"."INGREDIENT_PIZZA_FCSEQ"
-- ----------------------------
DROP SEQUENCE "DOMINOS"."INGREDIENT_PIZZA_FCSEQ";
CREATE SEQUENCE "DOMINOS"."INGREDIENT_PIZZA_FCSEQ"
 INCREMENT BY 1
 MINVALUE 1
 MAXVALUE 9999999999999999999999999999
 START WITH 119
 CACHE 20;

-- ----------------------------
-- Sequence structure for "DOMINOS"."OPENINGSTIJD_FCSEQ"
-- ----------------------------
DROP SEQUENCE "DOMINOS"."OPENINGSTIJD_FCSEQ";
CREATE SEQUENCE "DOMINOS"."OPENINGSTIJD_FCSEQ"
 INCREMENT BY 1
 MINVALUE 1
 MAXVALUE 9999999999999999999999999999
 START WITH 1
 CACHE 20;

-- ----------------------------
-- Sequence structure for "DOMINOS"."PIZZABODEM_FCSEQ"
-- ----------------------------
DROP SEQUENCE "DOMINOS"."PIZZABODEM_FCSEQ";
CREATE SEQUENCE "DOMINOS"."PIZZABODEM_FCSEQ"
 INCREMENT BY 1
 MINVALUE 1
 MAXVALUE 9999999999999999999999999999
 START WITH 7
 CACHE 20;

-- ----------------------------
-- Sequence structure for "DOMINOS"."PIZZASAUS_FCSEQ"
-- ----------------------------
DROP SEQUENCE "DOMINOS"."PIZZASAUS_FCSEQ";
CREATE SEQUENCE "DOMINOS"."PIZZASAUS_FCSEQ"
 INCREMENT BY 1
 MINVALUE 1
 MAXVALUE 9999999999999999999999999999
 START WITH 4
 CACHE 20;

-- ----------------------------
-- Sequence structure for "DOMINOS"."PRODUCT_FCSEQ"
-- ----------------------------
DROP SEQUENCE "DOMINOS"."PRODUCT_FCSEQ";
CREATE SEQUENCE "DOMINOS"."PRODUCT_FCSEQ"
 INCREMENT BY 1
 MINVALUE 1
 MAXVALUE 9999999999999999999999999999
 START WITH 68
 CACHE 20;

-- ----------------------------
-- Sequence structure for "DOMINOS"."PRODUCTGROEP_FCSEQ"
-- ----------------------------
DROP SEQUENCE "DOMINOS"."PRODUCTGROEP_FCSEQ";
CREATE SEQUENCE "DOMINOS"."PRODUCTGROEP_FCSEQ"
 INCREMENT BY 1
 MINVALUE 1
 MAXVALUE 9999999999999999999999999999
 START WITH 3
 CACHE 20;

-- ----------------------------
-- Sequence structure for "DOMINOS"."PRODUCTVARIATIE_FCSEQ"
-- ----------------------------
DROP SEQUENCE "DOMINOS"."PRODUCTVARIATIE_FCSEQ";
CREATE SEQUENCE "DOMINOS"."PRODUCTVARIATIE_FCSEQ"
 INCREMENT BY 1
 MINVALUE 1
 MAXVALUE 9999999999999999999999999999
 START WITH 11
 CACHE 20;

-- ----------------------------
-- Sequence structure for "DOMINOS"."SUBCAT_FCSEQ"
-- ----------------------------
DROP SEQUENCE "DOMINOS"."SUBCAT_FCSEQ";
CREATE SEQUENCE "DOMINOS"."SUBCAT_FCSEQ"
 INCREMENT BY 1
 MINVALUE 1
 MAXVALUE 9999999999999999999999999999
 START WITH 14
 CACHE 20;

-- ----------------------------
-- Sequence structure for "DOMINOS"."WINKEL_COUPON_FCSEQ"
-- ----------------------------
DROP SEQUENCE "DOMINOS"."WINKEL_COUPON_FCSEQ";
CREATE SEQUENCE "DOMINOS"."WINKEL_COUPON_FCSEQ"
 INCREMENT BY 1
 MINVALUE 1
 MAXVALUE 9999999999999999999999999999
 START WITH 1
 CACHE 20;

-- ----------------------------
-- Sequence structure for "DOMINOS"."WINKEL_FCSEQ"
-- ----------------------------
DROP SEQUENCE "DOMINOS"."WINKEL_FCSEQ";
CREATE SEQUENCE "DOMINOS"."WINKEL_FCSEQ"
 INCREMENT BY 1
 MINVALUE 1
 MAXVALUE 9999999999999999999999999999
 START WITH 1
 CACHE 20;

-- ----------------------------
-- Sequence structure for "DOMINOS"."WINKEL_PRODUCT_FCSEQ"
-- ----------------------------
DROP SEQUENCE "DOMINOS"."WINKEL_PRODUCT_FCSEQ";
CREATE SEQUENCE "DOMINOS"."WINKEL_PRODUCT_FCSEQ"
 INCREMENT BY 1
 MINVALUE 1
 MAXVALUE 9999999999999999999999999999
 START WITH 1
 CACHE 20;

-- ----------------------------
-- Indexes structure for table BESTELLING
-- ----------------------------
CREATE INDEX "DOMINOS"."B_winkel_id"
ON "DOMINOS"."BESTELLING" ("WINKEL_ID" ASC)
LOGGING
VISIBLE;

-- ----------------------------
-- Triggers structure for table "DOMINOS"."BESTELLING"
-- ----------------------------
CREATE OR REPLACE TRIGGER "DOMINOS"."BESTELLING_FCTG_BI" BEFORE INSERT ON "DOMINOS"."BESTELLING" REFERENCING OLD AS "OLD" NEW AS "NEW" FOR EACH ROW ENABLE WHEN (new."ID" IS NULL)
BEGIN
  SELECT BESTELLING_FCSEQ.NEXTVAL INTO :new."ID" FROM dual;
END;
/

-- ----------------------------
-- Primary Key structure for table "DOMINOS"."BESTELLING"
-- ----------------------------
ALTER TABLE "DOMINOS"."BESTELLING" ADD PRIMARY KEY ("ID");

-- ----------------------------
-- Indexes structure for table BESTELLING_COUPON
-- ----------------------------
CREATE INDEX "DOMINOS"."B_C_bestelling_id"
ON "DOMINOS"."BESTELLING_COUPON" ("BESTELLING_ID" ASC)
LOGGING
VISIBLE;
CREATE UNIQUE INDEX "DOMINOS"."B_C_bestelling_id_coupon_id"
ON "DOMINOS"."BESTELLING_COUPON" ("BESTELLING_ID" ASC, "COUPON_ID" ASC)
LOGGING
VISIBLE;
CREATE INDEX "DOMINOS"."B_C_coupon_id"
ON "DOMINOS"."BESTELLING_COUPON" ("COUPON_ID" ASC)
LOGGING
VISIBLE;

-- ----------------------------
-- Triggers structure for table "DOMINOS"."BESTELLING_COUPON"
-- ----------------------------
CREATE OR REPLACE TRIGGER "DOMINOS"."BESTELLING_COUPON_FCTG_BI" BEFORE INSERT ON "DOMINOS"."BESTELLING_COUPON" REFERENCING OLD AS "OLD" NEW AS "NEW" FOR EACH ROW ENABLE WHEN (new."ID" IS NULL)
BEGIN
  SELECT BESTELLING_COUPON_FCSEQ.NEXTVAL INTO :new."ID" FROM dual;
END;
/

-- ----------------------------
-- Primary Key structure for table "DOMINOS"."BESTELLING_COUPON"
-- ----------------------------
ALTER TABLE "DOMINOS"."BESTELLING_COUPON" ADD PRIMARY KEY ("ID");

-- ----------------------------
-- Indexes structure for table BR
-- ----------------------------
CREATE INDEX "DOMINOS"."BR_bodem_id"
ON "DOMINOS"."BR" ("PIZZABODEM_ID" ASC)
LOGGING
VISIBLE;
CREATE INDEX "DOMINOS"."BR_pizzaSaus_id"
ON "DOMINOS"."BR" ("PIZZASAUS_ID" ASC)
LOGGING
VISIBLE;
CREATE INDEX "DOMINOS"."BR_pizza_id"
ON "DOMINOS"."BR" ("PRODUCT_ID" ASC)
LOGGING
VISIBLE;

-- ----------------------------
-- Triggers structure for table "DOMINOS"."BR"
-- ----------------------------
CREATE OR REPLACE TRIGGER "DOMINOS"."BR_FCTG_BI" BEFORE INSERT ON "DOMINOS"."BR" REFERENCING OLD AS "OLD" NEW AS "NEW" FOR EACH ROW ENABLE WHEN (new."ID" IS NULL)
BEGIN
  SELECT BR_FCSEQ.NEXTVAL INTO :new."ID" FROM dual;
END;
/
-- ----------------------------
-- Checks structure for table "DOMINOS"."BR"
-- ----------------------------
ALTER TABLE "DOMINOS"."BR" ADD CHECK (aantal>=1);

-- ----------------------------
-- Primary Key structure for table "DOMINOS"."BR"
-- ----------------------------
ALTER TABLE "DOMINOS"."BR" ADD PRIMARY KEY ("ID");

-- ----------------------------
-- Indexes structure for table BR_INGREDIENT
-- ----------------------------
CREATE UNIQUE INDEX "DOMINOS"."BR_I_br_id_ingred_id"
ON "DOMINOS"."BR_INGREDIENT" ("BESTELREGEL_ID" ASC, "INGREDIENT_ID" ASC)
LOGGING
VISIBLE;
CREATE INDEX "DOMINOS"."BR_I_ingredient_id"
ON "DOMINOS"."BR_INGREDIENT" ("INGREDIENT_ID" ASC)
LOGGING
VISIBLE;

-- ----------------------------
-- Triggers structure for table "DOMINOS"."BR_INGREDIENT"
-- ----------------------------
CREATE OR REPLACE TRIGGER "DOMINOS"."BR_INGREDIENT_FCTG_BI" BEFORE INSERT ON "DOMINOS"."BR_INGREDIENT" REFERENCING OLD AS "OLD" NEW AS "NEW" FOR EACH ROW ENABLE WHEN (new."ID" IS NULL)
BEGIN
  SELECT BR_INGREDIENT_FCSEQ.NEXTVAL INTO :new."ID" FROM dual;
END;
/
-- ----------------------------
-- Checks structure for table "DOMINOS"."BR_INGREDIENT"
-- ----------------------------
ALTER TABLE "DOMINOS"."BR_INGREDIENT" ADD CHECK (aantal>=0);

-- ----------------------------
-- Primary Key structure for table "DOMINOS"."BR_INGREDIENT"
-- ----------------------------
ALTER TABLE "DOMINOS"."BR_INGREDIENT" ADD PRIMARY KEY ("ID");

-- ----------------------------
-- Indexes structure for table BR_PRODUCT_OPTIE
-- ----------------------------
CREATE INDEX "DOMINOS"."BR_P_O_br_id"
ON "DOMINOS"."BR_PRODUCT_OPTIE" ("BR_ID" ASC)
LOGGING
VISIBLE;
CREATE INDEX "DOMINOS"."BR_P_O_p_id_optie"
ON "DOMINOS"."BR_PRODUCT_OPTIE" ("PRODUCT_ID_OPTIE" ASC)
LOGGING
VISIBLE;

-- ----------------------------
-- Triggers structure for table "DOMINOS"."BR_PRODUCT_OPTIE"
-- ----------------------------
CREATE OR REPLACE TRIGGER "DOMINOS"."BR_PRODUCT_OPTIE_FCTG_BI" BEFORE INSERT ON "DOMINOS"."BR_PRODUCT_OPTIE" REFERENCING OLD AS "OLD" NEW AS "NEW" FOR EACH ROW ENABLE WHEN (new."ID" IS NULL)
BEGIN
  SELECT BR_PRODUCT_OPTIE_FCSEQ.NEXTVAL INTO :new."ID" FROM dual;
END;
/
-- ----------------------------
-- Checks structure for table "DOMINOS"."BR_PRODUCT_OPTIE"
-- ----------------------------
ALTER TABLE "DOMINOS"."BR_PRODUCT_OPTIE" ADD CHECK (prijs>=0);
ALTER TABLE "DOMINOS"."BR_PRODUCT_OPTIE" ADD CHECK (aantal>=0);

-- ----------------------------
-- Primary Key structure for table "DOMINOS"."BR_PRODUCT_OPTIE"
-- ----------------------------
ALTER TABLE "DOMINOS"."BR_PRODUCT_OPTIE" ADD PRIMARY KEY ("ID");

-- ----------------------------
-- Indexes structure for table CAT
-- ----------------------------
CREATE UNIQUE INDEX "DOMINOS"."C_naam"
ON "DOMINOS"."CAT" ("NAAM" ASC)
LOGGING
VISIBLE;

-- ----------------------------
-- Triggers structure for table "DOMINOS"."CAT"
-- ----------------------------
CREATE OR REPLACE TRIGGER "DOMINOS"."CAT_FCTG_BI" BEFORE INSERT ON "DOMINOS"."CAT" REFERENCING OLD AS "OLD" NEW AS "NEW" FOR EACH ROW ENABLE WHEN (new."ID" IS NULL)
BEGIN
  SELECT CAT_FCSEQ.NEXTVAL INTO :new."ID" FROM dual;
END;
/

-- ----------------------------
-- Primary Key structure for table "DOMINOS"."CAT"
-- ----------------------------
ALTER TABLE "DOMINOS"."CAT" ADD PRIMARY KEY ("ID");

-- ----------------------------
-- Checks structure for table "DOMINOS"."CONFIG"
-- ----------------------------
ALTER TABLE "DOMINOS"."CONFIG" ADD CHECK (minimumBestellingBedrag>=0);
ALTER TABLE "DOMINOS"."CONFIG" ADD CHECK (toeslagExtraTopOfSaus>=0);
ALTER TABLE "DOMINOS"."CONFIG" ADD CHECK (toeslagExtraTopOfSausXXLPizza>=0);
ALTER TABLE "DOMINOS"."CONFIG" ADD CHECK (maxAantalGratisWijzigingen>=0);

-- ----------------------------
-- Indexes structure for table COUPON
-- ----------------------------
CREATE UNIQUE INDEX "DOMINOS"."CO_quotecode"
ON "DOMINOS"."COUPON" ("COUPONCODE" ASC)
LOGGING
VISIBLE;

-- ----------------------------
-- Triggers structure for table "DOMINOS"."COUPON"
-- ----------------------------
CREATE OR REPLACE TRIGGER "DOMINOS"."COUPON_FCTG_BI" BEFORE INSERT ON "DOMINOS"."COUPON" REFERENCING OLD AS "OLD" NEW AS "NEW" FOR EACH ROW ENABLE WHEN (new."ID" IS NULL)
BEGIN
  SELECT COUPON_FCSEQ.NEXTVAL INTO :new."ID" FROM dual;
END;
/

-- ----------------------------
-- Primary Key structure for table "DOMINOS"."COUPON"
-- ----------------------------
ALTER TABLE "DOMINOS"."COUPON" ADD PRIMARY KEY ("ID");

-- ----------------------------
-- Indexes structure for table INGREDIENT
-- ----------------------------
CREATE UNIQUE INDEX "DOMINOS"."I_naam"
ON "DOMINOS"."INGREDIENT" ("NAAM" ASC)
LOGGING
VISIBLE;

-- ----------------------------
-- Triggers structure for table "DOMINOS"."INGREDIENT"
-- ----------------------------
CREATE OR REPLACE TRIGGER "DOMINOS"."INGREDIENT_FCTG_BI" BEFORE INSERT ON "DOMINOS"."INGREDIENT" REFERENCING OLD AS "OLD" NEW AS "NEW" FOR EACH ROW ENABLE WHEN (new."ID" IS NULL)
BEGIN
  SELECT INGREDIENT_FCSEQ.NEXTVAL INTO :new."ID" FROM dual;
END;
/

-- ----------------------------
-- Primary Key structure for table "DOMINOS"."INGREDIENT"
-- ----------------------------
ALTER TABLE "DOMINOS"."INGREDIENT" ADD PRIMARY KEY ("ID");

-- ----------------------------
-- Indexes structure for table INGREDIENT_PIZZA
-- ----------------------------
CREATE UNIQUE INDEX "DOMINOS"."I_P_i_id_p_id"
ON "DOMINOS"."INGREDIENT_PIZZA" ("INGREDIENT_ID" ASC, "PRODUCT_ID" ASC)
LOGGING
VISIBLE;
CREATE INDEX "DOMINOS"."I_P_ingredient_id"
ON "DOMINOS"."INGREDIENT_PIZZA" ("INGREDIENT_ID" ASC)
LOGGING
VISIBLE;
CREATE INDEX "DOMINOS"."I_P_pizza_id"
ON "DOMINOS"."INGREDIENT_PIZZA" ("PRODUCT_ID" ASC)
LOGGING
VISIBLE;

-- ----------------------------
-- Triggers structure for table "DOMINOS"."INGREDIENT_PIZZA"
-- ----------------------------
CREATE OR REPLACE TRIGGER "DOMINOS"."INGREDIENT_PIZZA_FCTG_BI" BEFORE INSERT ON "DOMINOS"."INGREDIENT_PIZZA" REFERENCING OLD AS "OLD" NEW AS "NEW" FOR EACH ROW ENABLE WHEN (new."ID" IS NULL)
BEGIN
  SELECT INGREDIENT_PIZZA_FCSEQ.NEXTVAL INTO :new."ID" FROM dual;
END;
/
-- ----------------------------
-- Checks structure for table "DOMINOS"."INGREDIENT_PIZZA"
-- ----------------------------
ALTER TABLE "DOMINOS"."INGREDIENT_PIZZA" ADD CHECK (aantal>=1);

-- ----------------------------
-- Primary Key structure for table "DOMINOS"."INGREDIENT_PIZZA"
-- ----------------------------
ALTER TABLE "DOMINOS"."INGREDIENT_PIZZA" ADD PRIMARY KEY ("ID");

-- ----------------------------
-- Indexes structure for table OPENINGSTIJD
-- ----------------------------
CREATE INDEX "DOMINOS"."OT_winkel_id"
ON "DOMINOS"."OPENINGSTIJD" ("WINKEL_ID" ASC)
LOGGING
VISIBLE;

-- ----------------------------
-- Triggers structure for table "DOMINOS"."OPENINGSTIJD"
-- ----------------------------
CREATE OR REPLACE TRIGGER "DOMINOS"."OPENINGSTIJD_FCTG_BI" BEFORE INSERT ON "DOMINOS"."OPENINGSTIJD" REFERENCING OLD AS "OLD" NEW AS "NEW" FOR EACH ROW ENABLE WHEN (new."ID" IS NULL)
BEGIN
  SELECT OPENINGSTIJD_FCSEQ.NEXTVAL INTO :new."ID" FROM dual;
END;
/
-- ----------------------------
-- Checks structure for table "DOMINOS"."OPENINGSTIJD"
-- ----------------------------
ALTER TABLE "DOMINOS"."OPENINGSTIJD" ADD CHECK (dag in ('ma','di','wo','do','vr','za','zo'));

-- ----------------------------
-- Primary Key structure for table "DOMINOS"."OPENINGSTIJD"
-- ----------------------------
ALTER TABLE "DOMINOS"."OPENINGSTIJD" ADD PRIMARY KEY ("ID");

-- ----------------------------
-- Indexes structure for table OPTIE
-- ----------------------------
CREATE UNIQUE INDEX "DOMINOS"."O_p_id_p_id_optie"
ON "DOMINOS"."OPTIE" ("PRODUCT_ID" ASC, "PRODUCT_ID_OPTIE" ASC)
LOGGING
VISIBLE;

-- ----------------------------
-- Indexes structure for table PIZZABODEM
-- ----------------------------
CREATE UNIQUE INDEX "DOMINOS"."PB_naam"
ON "DOMINOS"."PIZZABODEM" ("NAAM" ASC)
LOGGING
VISIBLE;

-- ----------------------------
-- Triggers structure for table "DOMINOS"."PIZZABODEM"
-- ----------------------------
CREATE OR REPLACE TRIGGER "DOMINOS"."PIZZABODEM_FCTG_BI" BEFORE INSERT ON "DOMINOS"."PIZZABODEM" REFERENCING OLD AS "OLD" NEW AS "NEW" FOR EACH ROW ENABLE WHEN (new."ID" IS NULL)
BEGIN
  SELECT PIZZABODEM_FCSEQ.NEXTVAL INTO :new."ID" FROM dual;
END;
/
-- ----------------------------
-- Checks structure for table "DOMINOS"."PIZZABODEM"
-- ----------------------------
ALTER TABLE "DOMINOS"."PIZZABODEM" ADD CHECK (diameter>0);
ALTER TABLE "DOMINOS"."PIZZABODEM" ADD CHECK (toeslag>=0);

-- ----------------------------
-- Primary Key structure for table "DOMINOS"."PIZZABODEM"
-- ----------------------------
ALTER TABLE "DOMINOS"."PIZZABODEM" ADD PRIMARY KEY ("ID");

-- ----------------------------
-- Indexes structure for table PIZZASAUS
-- ----------------------------
CREATE UNIQUE INDEX "DOMINOS"."PS_naam"
ON "DOMINOS"."PIZZASAUS" ("NAAM" ASC)
LOGGING
VISIBLE;

-- ----------------------------
-- Triggers structure for table "DOMINOS"."PIZZASAUS"
-- ----------------------------
CREATE OR REPLACE TRIGGER "DOMINOS"."PIZZASAUS_FCTG_BI" BEFORE INSERT ON "DOMINOS"."PIZZASAUS" REFERENCING OLD AS "OLD" NEW AS "NEW" FOR EACH ROW ENABLE WHEN (new."ID" IS NULL)
BEGIN
  SELECT PIZZASAUS_FCSEQ.NEXTVAL INTO :new."ID" FROM dual;
END;
/

-- ----------------------------
-- Primary Key structure for table "DOMINOS"."PIZZASAUS"
-- ----------------------------
ALTER TABLE "DOMINOS"."PIZZASAUS" ADD PRIMARY KEY ("ID");

-- ----------------------------
-- Indexes structure for table PRODUCT
-- ----------------------------
CREATE UNIQUE INDEX "DOMINOS"."P_naam"
ON "DOMINOS"."PRODUCT" ("NAAM" ASC)
LOGGING
VISIBLE;
CREATE INDEX "DOMINOS"."P_pizzaSaus_id"
ON "DOMINOS"."PRODUCT" ("PIZZASAUS_ID_STANDAARD" ASC)
LOGGING
VISIBLE;
CREATE INDEX "DOMINOS"."P_productgroep_id"
ON "DOMINOS"."PRODUCT" ("PRODUCTGROEP_ID" ASC)
LOGGING
VISIBLE;
CREATE INDEX "DOMINOS"."P_subcat_id"
ON "DOMINOS"."PRODUCT" ("SUBCAT_ID" ASC)
LOGGING
VISIBLE;

-- ----------------------------
-- Triggers structure for table "DOMINOS"."PRODUCT"
-- ----------------------------
CREATE OR REPLACE TRIGGER "DOMINOS"."PRODUCT_FCTG_BI" BEFORE INSERT ON "DOMINOS"."PRODUCT" REFERENCING OLD AS "OLD" NEW AS "NEW" FOR EACH ROW ENABLE WHEN (new."ID" IS NULL)
BEGIN
  SELECT PRODUCT_FCSEQ.NEXTVAL INTO :new."ID" FROM dual;
END;
/
-- ----------------------------
-- Checks structure for table "DOMINOS"."PRODUCT"
-- ----------------------------
ALTER TABLE "DOMINOS"."PRODUCT" ADD CHECK (maxGratisOpties>=1 or maxGratisOpties is null);

-- ----------------------------
-- Primary Key structure for table "DOMINOS"."PRODUCT"
-- ----------------------------
ALTER TABLE "DOMINOS"."PRODUCT" ADD PRIMARY KEY ("ID");

-- ----------------------------
-- Indexes structure for table PRODUCTGROEP
-- ----------------------------
CREATE UNIQUE INDEX "DOMINOS"."PG_naam"
ON "DOMINOS"."PRODUCTGROEP" ("NAAM" ASC)
LOGGING
VISIBLE;

-- ----------------------------
-- Triggers structure for table "DOMINOS"."PRODUCTGROEP"
-- ----------------------------
CREATE OR REPLACE TRIGGER "DOMINOS"."PRODUCTGROEP_FCTG_BI" BEFORE INSERT ON "DOMINOS"."PRODUCTGROEP" REFERENCING OLD AS "OLD" NEW AS "NEW" FOR EACH ROW ENABLE WHEN (new."ID" IS NULL)
BEGIN
  SELECT PRODUCTGROEP_FCSEQ.NEXTVAL INTO :new."ID" FROM dual;
END;
/
-- ----------------------------
-- Primary Key structure for table "DOMINOS"."PRODUCTGROEP"
-- ----------------------------
ALTER TABLE "DOMINOS"."PRODUCTGROEP" ADD PRIMARY KEY ("ID");

-- ----------------------------
-- Indexes structure for table PRODUCTVARIATIE
-- ----------------------------

-- ----------------------------
-- Triggers structure for table "DOMINOS"."PRODUCTVARIATIE"
-- ----------------------------
CREATE OR REPLACE TRIGGER "DOMINOS"."PRODUCTVARIATIE_FCTG_BI" BEFORE INSERT ON "DOMINOS"."PRODUCTVARIATIE" REFERENCING OLD AS "OLD" NEW AS "NEW" FOR EACH ROW ENABLE WHEN (new."ID" IS NULL)
BEGIN
  SELECT PRODUCTVARIATIE_FCSEQ.NEXTVAL INTO :new."ID" FROM dual;
END;
/

-- ----------------------------
-- Primary Key structure for table "DOMINOS"."PRODUCTVARIATIE"
-- ----------------------------
ALTER TABLE "DOMINOS"."PRODUCTVARIATIE" ADD PRIMARY KEY ("ID");

-- ----------------------------
-- Indexes structure for table SUBCAT
-- ----------------------------
CREATE UNIQUE INDEX "DOMINOS"."SC_naam"
ON "DOMINOS"."SUBCAT" ("NAAM" ASC)
LOGGING
VISIBLE;

-- ----------------------------
-- Triggers structure for table "DOMINOS"."SUBCAT"
-- ----------------------------
CREATE OR REPLACE TRIGGER "DOMINOS"."SUBCAT_FCTG_BI" BEFORE INSERT ON "DOMINOS"."SUBCAT" REFERENCING OLD AS "OLD" NEW AS "NEW" FOR EACH ROW ENABLE WHEN (new."ID" IS NULL)
BEGIN
  SELECT SUBCAT_FCSEQ.NEXTVAL INTO :new."ID" FROM dual;
END;
/

-- ----------------------------
-- Primary Key structure for table "DOMINOS"."SUBCAT"
-- ----------------------------
ALTER TABLE "DOMINOS"."SUBCAT" ADD PRIMARY KEY ("ID");

-- ----------------------------
-- Indexes structure for table WINKEL
-- ----------------------------
CREATE UNIQUE INDEX "DOMINOS"."W_naam"
ON "DOMINOS"."WINKEL" ("NAAM" ASC)
LOGGING
VISIBLE;
CREATE INDEX "DOMINOS"."postcode"
ON "DOMINOS"."WINKEL" ("POSTCODE" ASC)
LOGGING
VISIBLE;
CREATE UNIQUE INDEX "DOMINOS_WINKEL_POSTCODE_HUISNR_UQ"
ON "DOMINOS"."WINKEL" ("POSTCODE_ID" ASC, "HUISNR" ASC)
LOGGING
VISIBLE;

-- ----------------------------
-- Triggers structure for table "DOMINOS"."WINKEL"
-- ----------------------------
CREATE OR REPLACE TRIGGER "DOMINOS"."WINKEL_FCTG_BI" BEFORE INSERT ON "DOMINOS"."WINKEL" REFERENCING OLD AS "OLD" NEW AS "NEW" FOR EACH ROW ENABLE WHEN (new."ID" IS NULL)
BEGIN
  SELECT WINKEL_FCSEQ.NEXTVAL INTO :new."ID" FROM dual;
END;
/

-- ----------------------------
-- Primary Key structure for table "DOMINOS"."WINKEL"
-- ----------------------------
ALTER TABLE "DOMINOS"."WINKEL" ADD PRIMARY KEY ("ID");

-- ----------------------------
-- Indexes structure for table WINKEL_COUPON
-- ----------------------------
CREATE INDEX "DOMINOS"."W_C_coupon_id"
ON "DOMINOS"."WINKEL_COUPON" ("COUPON_ID" ASC)
LOGGING
VISIBLE;
CREATE INDEX "DOMINOS"."W_C_winkel_id"
ON "DOMINOS"."WINKEL_COUPON" ("WINKEL_ID" ASC)
LOGGING
VISIBLE;
CREATE UNIQUE INDEX "DOMINOS"."W_C_winkel_id_coupon_id"
ON "DOMINOS"."WINKEL_COUPON" ("WINKEL_ID" ASC, "COUPON_ID" ASC)
LOGGING
VISIBLE;

-- ----------------------------
-- Triggers structure for table "DOMINOS"."WINKEL_COUPON"
-- ----------------------------
CREATE OR REPLACE TRIGGER "DOMINOS"."WINKEL_COUPON_FCTG_BI" BEFORE INSERT ON "DOMINOS"."WINKEL_COUPON" REFERENCING OLD AS "OLD" NEW AS "NEW" FOR EACH ROW ENABLE WHEN (new."ID" IS NULL)
BEGIN
  SELECT WINKEL_COUPON_FCSEQ.NEXTVAL INTO :new."ID" FROM dual;
END;
/

-- ----------------------------
-- Primary Key structure for table "DOMINOS"."WINKEL_COUPON"
-- ----------------------------
ALTER TABLE "DOMINOS"."WINKEL_COUPON" ADD PRIMARY KEY ("ID");

-- ----------------------------
-- Indexes structure for table WINKEL_PRODUCT
-- ----------------------------
CREATE UNIQUE INDEX "DOMINOS"."W_P_w_id_p_id"
ON "DOMINOS"."WINKEL_PRODUCT" ("WINKEL_ID" ASC, "PRODUCT_ID" ASC)
LOGGING
VISIBLE;
CREATE INDEX "DOMINOS"."W_P_winkel_id"
ON "DOMINOS"."WINKEL_PRODUCT" ("WINKEL_ID" ASC)
LOGGING
VISIBLE;

-- ----------------------------
-- Triggers structure for table "DOMINOS"."WINKEL_PRODUCT"
-- ----------------------------
CREATE OR REPLACE TRIGGER "DOMINOS"."WINKEL_PRODUCT_FCTG_BI" BEFORE INSERT ON "DOMINOS"."WINKEL_PRODUCT" REFERENCING OLD AS "OLD" NEW AS "NEW" FOR EACH ROW ENABLE WHEN (new."ID" IS NULL)
BEGIN
  SELECT WINKEL_PRODUCT_FCSEQ.NEXTVAL INTO :new."ID" FROM dual;
END;
/

-- ----------------------------
-- Primary Key structure for table "DOMINOS"."WINKEL_PRODUCT"
-- ----------------------------
ALTER TABLE "DOMINOS"."WINKEL_PRODUCT" ADD PRIMARY KEY ("ID");

-- ----------------------------
-- Foreign Key structure for table "DOMINOS"."BESTELLING_COUPON"
-- ----------------------------
ALTER TABLE "DOMINOS"."BESTELLING_COUPON" ADD FOREIGN KEY ("BESTELLING_ID") REFERENCES "DOMINOS"."BESTELLING" ("ID");
ALTER TABLE "DOMINOS"."BESTELLING_COUPON" ADD FOREIGN KEY ("COUPON_ID") REFERENCES "DOMINOS"."COUPON" ("ID");

-- ----------------------------
-- Foreign Key structure for table "DOMINOS"."BR"
-- ----------------------------
ALTER TABLE "DOMINOS"."BR" ADD FOREIGN KEY ("BESTELLING_ID") REFERENCES "DOMINOS"."BESTELLING" ("ID");
ALTER TABLE "DOMINOS"."BR" ADD FOREIGN KEY ("PIZZABODEM_ID") REFERENCES "DOMINOS"."PIZZABODEM" ("ID");
ALTER TABLE "DOMINOS"."BR" ADD FOREIGN KEY ("PIZZASAUS_ID") REFERENCES "DOMINOS"."PIZZASAUS" ("ID");
ALTER TABLE "DOMINOS"."BR" ADD FOREIGN KEY ("PRODUCT_ID") REFERENCES "DOMINOS"."PRODUCT" ("ID");

-- ----------------------------
-- Foreign Key structure for table "DOMINOS"."BR_INGREDIENT"
-- ----------------------------
ALTER TABLE "DOMINOS"."BR_INGREDIENT" ADD FOREIGN KEY ("BESTELREGEL_ID") REFERENCES "DOMINOS"."BR" ("ID");
ALTER TABLE "DOMINOS"."BR_INGREDIENT" ADD FOREIGN KEY ("INGREDIENT_ID") REFERENCES "DOMINOS"."INGREDIENT" ("ID");

-- ----------------------------
-- Foreign Key structure for table "DOMINOS"."BR_PRODUCT_OPTIE"
-- ----------------------------
ALTER TABLE "DOMINOS"."BR_PRODUCT_OPTIE" ADD FOREIGN KEY ("BR_ID") REFERENCES "DOMINOS"."BR" ("ID");
ALTER TABLE "DOMINOS"."BR_PRODUCT_OPTIE" ADD FOREIGN KEY ("PRODUCT_ID_OPTIE") REFERENCES "DOMINOS"."PRODUCT" ("ID");

-- ----------------------------
-- Foreign Key structure for table "DOMINOS"."COUPONVOORWAARDEN"
-- ----------------------------
ALTER TABLE "DOMINOS"."COUPONVOORWAARDEN" ADD FOREIGN KEY ("COUPON_ID") REFERENCES "DOMINOS"."COUPON" ("ID");

-- ----------------------------
-- Foreign Key structure for table "DOMINOS"."INGREDIENT_PIZZA"
-- ----------------------------
ALTER TABLE "DOMINOS"."INGREDIENT_PIZZA" ADD FOREIGN KEY ("INGREDIENT_ID") REFERENCES "DOMINOS"."INGREDIENT" ("ID");
ALTER TABLE "DOMINOS"."INGREDIENT_PIZZA" ADD FOREIGN KEY ("PRODUCT_ID") REFERENCES "DOMINOS"."PRODUCT" ("ID");

-- ----------------------------
-- Foreign Key structure for table "DOMINOS"."OPENINGSTIJD"
-- ----------------------------
ALTER TABLE "DOMINOS"."OPENINGSTIJD" ADD FOREIGN KEY ("WINKEL_ID") REFERENCES "DOMINOS"."WINKEL" ("ID");

-- ----------------------------
-- Foreign Key structure for table "DOMINOS"."OPTIE"
-- ----------------------------
ALTER TABLE "DOMINOS"."OPTIE" ADD FOREIGN KEY ("PRODUCT_ID") REFERENCES "DOMINOS"."PRODUCT" ("ID");
ALTER TABLE "DOMINOS"."OPTIE" ADD FOREIGN KEY ("PRODUCT_ID_OPTIE") REFERENCES "DOMINOS"."PRODUCT" ("ID");

-- ----------------------------
-- Foreign Key structure for table "DOMINOS"."PRODUCT"
-- ----------------------------
ALTER TABLE "DOMINOS"."PRODUCT" ADD FOREIGN KEY ("PRODUCTGROEP_ID") REFERENCES "DOMINOS"."PRODUCTGROEP" ("ID");
ALTER TABLE "DOMINOS"."PRODUCT" ADD FOREIGN KEY ("SUBCAT_ID") REFERENCES "DOMINOS"."SUBCAT" ("ID");

-- ----------------------------
-- Foreign Key structure for table "DOMINOS"."PRODUCTVARIATIE"
-- ----------------------------
ALTER TABLE "DOMINOS"."PRODUCTVARIATIE" ADD FOREIGN KEY ("PRODUCT_ID") REFERENCES "DOMINOS"."PRODUCT" ("ID");

-- ----------------------------
-- Foreign Key structure for table "DOMINOS"."SUBCAT"
-- ----------------------------
ALTER TABLE "DOMINOS"."SUBCAT" ADD FOREIGN KEY ("CAT_ID") REFERENCES "DOMINOS"."CAT" ("ID");

-- ----------------------------
-- Foreign Key structure for table "DOMINOS"."WINKEL_PRODUCT"
-- ----------------------------
ALTER TABLE "DOMINOS"."WINKEL_PRODUCT" ADD FOREIGN KEY ("PRODUCT_ID") REFERENCES "DOMINOS"."PRODUCT" ("ID");
ALTER TABLE "DOMINOS"."WINKEL_PRODUCT" ADD FOREIGN KEY ("WINKEL_ID") REFERENCES "DOMINOS"."WINKEL" ("ID");
